profile,requested_blocks_per_seed,snr_db,checkpoint_idx,blocks_per_seed,pooled_blocks,mode_id,modulation,pooled_ber,pooled_se,ci95_low,ci95_high,overlaps_ber_target,z_ab
deep,70000,16.75,1,5000,10000,0,BPSK,0.005282356770833333,0.00030513726620946856,0.004684287729062775,0.005880425812603891,False,1.6462151606981985
deep,70000,16.75,1,5000,10000,1,QPSK,0.010312044270833333,0.0004249298153744932,0.009479181832699326,0.01114490670896734,True,1.4384271653725498
deep,70000,16.75,1,5000,10000,2,16QAM,0.03590109049479167,0.0007106396650832087,0.03450823675122858,0.03729394423835476,False,1.4808139530532163
deep,70000,16.75,1,5000,10000,3,64QAM,0.08881389973958333,0.0008993404115509096,0.08705119253294355,0.0905766069462231,False,1.245606248667112
deep,70000,16.75,2,10000,20000,0,BPSK,0.0053096354166666665,0.00021594992773717422,0.004886373558301805,0.005732897275031528,False,0.12209560976816196
deep,70000,16.75,2,10000,20000,1,QPSK,0.010381868489583333,0.00030061528023771553,0.009792662540317411,0.010971074438849255,True,0.19133473778700533
deep,70000,16.75,2,10000,20000,2,16QAM,0.036094173177083334,0.0005037192829854989,0.03510688338243176,0.03708146297173491,False,0.2886663834843171
deep,70000,16.75,2,10000,20000,3,64QAM,0.08905540364583334,0.0006378556993945575,0.08780520647502,0.09030560081664667,False,0.17349307875954068
deep,70000,16.75,3,15000,30000,0,BPSK,0.005393315972222222,0.00017823896012528299,0.0050439676103766675,0.005742664334067777,False,0.04870097542454916
deep,70000,16.75,3,15000,30000,1,QPSK,0.010508333333333333,0.0002477189935096275,0.010022804106054464,0.010993862560612203,False,0.238631900280803
deep,70000,16.75,3,15000,30000,2,16QAM,0.036422509765625,0.0004134212223771285,0.03561220416976583,0.03723281536148417,False,0.010012720001319699
deep,70000,16.75,3,15000,30000,3,64QAM,0.08947366536458333,0.0005229707858931962,0.08844864262423266,0.090498688104934,False,0.30190226183480007
deep,70000,16.75,4,20000,40000,0,BPSK,0.0052805826822916666,0.00015315234740974598,0.004980404081368565,0.0055807612832147685,False,0.3535681904977084
deep,70000,16.75,4,20000,40000,1,QPSK,0.010312744140625,0.00021250326328867326,0.0098962377445792,0.010729250536670799,True,0.04710346853847863
deep,70000,16.75,4,20000,40000,2,16QAM,0.03612964680989583,0.0003552959956163945,0.0354332666584877,0.036826026961303965,False,0.32868171412535385
deep,70000,16.75,4,20000,40000,3,64QAM,0.08921807725694444,0.00045058500776623864,0.08833493064172261,0.09010122387216628,False,0.9001345774481699
deep,70000,16.75,5,25000,50000,0,BPSK,0.0052646875,0.00013639546845372347,0.0049973523818307025,0.005532022618169298,False,0.05135902639361284
deep,70000,16.75,5,25000,50000,1,QPSK,0.01031673828125,0.00018986615773835153,0.00994460061208283,0.010688875950417169,True,0.3187866689625201
deep,70000,16.75,5,25000,50000,2,16QAM,0.03625137044270833,0.0003177076323883918,0.03562866348322709,0.03687407740218958,False,0.015153570451329272
deep,70000,16.75,5,25000,50000,3,64QAM,0.08941845052083333,0.0004031705415466702,0.08862823625940186,0.0902086647822648,False,0.63780099308967
deep,70000,16.75,6,30000,60000,0,BPSK,0.005254839409722222,0.00012458901796550157,0.005010644934509839,0.005499033884934605,False,0.6202653400766832
deep,70000,16.75,6,30000,60000,1,QPSK,0.010312109375,0.00017319663668917558,0.009972643967089216,0.010651574782910784,True,0.9385522445185593
deep,70000,16.75,6,30000,60000,2,16QAM,0.03636180013020833,0.0002900498253063354,0.03579330247260791,0.03693029778780875,False,0.8564945608599469
deep,70000,16.75,6,30000,60000,3,64QAM,0.08963634982638889,0.0003681182940975774,0.08891483796995764,0.09035786168282015,False,0.3212282198226705
deep,70000,16.75,7,35000,70000,0,BPSK,0.005225213913690476,0.00011538737473734711,0.004999054659205276,0.005451373168175676,False,1.402264091480882
deep,70000,16.75,7,35000,70000,1,QPSK,0.010245903087797619,0.00016004050121225973,0.00993222370542159,0.010559582470173648,True,1.6107352942546642
deep,70000,16.75,7,35000,70000,2,16QAM,0.03623544689360119,0.00026781843692742785,0.03571052275722343,0.03676037102997895,False,1.4020265013394908
deep,70000,16.75,7,35000,70000,3,64QAM,0.0894776615203373,0.00034019251929561076,0.08881088418251791,0.09014443885815669,False,0.7213745199889906
deep,70000,16.75,8,40000,80000,0,BPSK,0.0052364501953125,0.00010866760700004616,0.005023461685592409,0.0054494387050325905,False,1.283379940712356
deep,70000,16.75,8,40000,80000,1,QPSK,0.010245804850260417,0.000150103315605804,0.00995160235167304,0.010540007348847793,True,1.530615512298268
deep,70000,16.75,8,40000,80000,2,16QAM,0.03623234456380208,0.0002505291775846663,0.03574130737573614,0.036723381751868026,False,1.2380411086829213
deep,70000,16.75,8,40000,80000,3,64QAM,0.089511962890625,0.00031809665172166077,0.08888849345325055,0.09013543232799946,False,0.476293961556054
deep,70000,16.75,9,45000,90000,0,BPSK,0.0052083043981481485,0.00010208587806620058,0.005008216077138396,0.005408392719157901,False,1.0147141013585645
deep,70000,16.75,9,45000,90000,1,QPSK,0.010223491753472222,0.00014116067350837996,0.009946816833395798,0.010500166673548646,True,1.1786660362513128
deep,70000,16.75,9,45000,90000,2,16QAM,0.036251658347800926,0.00023601487563559598,0.03578906919155516,0.03671424750404669,False,0.8819530523410156
deep,70000,16.75,9,45000,90000,3,64QAM,0.08949065031828704,0.00029996444889146046,0.08890271999845978,0.0900785806381143,False,0.3515502044019936
deep,70000,16.75,10,50000,100000,0,BPSK,0.00520033203125,9.67091321218422e-05,0.005010782132291189,0.005389881930208811,False,0.54373820828652
deep,70000,16.75,10,50000,100000,1,QPSK,0.010213033854166666,0.00013378976786245295,0.009950805909156259,0.010475261799177073,True,0.5976591616734112
deep,70000,16.75,10,50000,100000,2,16QAM,0.03622600260416667,0.00022380607695373272,0.03578734269333735,0.036664662514995984,False,0.2590266340491589
deep,70000,16.75,10,50000,100000,3,64QAM,0.08945625108506944,0.00028452035684612033,0.08889859118565105,0.09001391098448783,False,0.22894553503521545
deep,70000,16.75,11,55000,110000,0,BPSK,0.005232179214015151,9.277667184202443e-05,0.005050336937204783,0.005414021490825519,False,0.6679814103071928
deep,70000,16.75,11,55000,110000,1,QPSK,0.010237482244318181,0.00012807744490672668,0.009986450452300996,0.010488514036335366,True,0.7791126192500025
deep,70000,16.75,11,55000,110000,2,16QAM,0.03625144560842803,0.00021363415426578863,0.03583272266606709,0.03667016855078897,False,0.5021436124091966
deep,70000,16.75,11,55000,110000,3,64QAM,0.08953502406881313,0.0002712574643341452,0.0890033594387182,0.09006668869890805,False,0.031419185428791845
deep,70000,16.75,12,60000,120000,0,BPSK,0.005226931423611111,8.859334367364102e-05,0.005053288470010775,0.005400574377211448,False,1.3040221324153025
deep,70000,16.75,12,60000,120000,1,QPSK,0.010246506076388889,0.00012250760685858945,0.010006391166946054,0.010486620985831724,False,1.2370379495394197
deep,70000,16.75,12,60000,120000,2,16QAM,0.03628638509114583,0.0002045963324810501,0.035885376279482975,0.03668739390280869,False,0.6353004678668919
deep,70000,16.75,12,60000,120000,3,64QAM,0.08955148473668982,0.0002598484674495604,0.08904218174048868,0.09006078773289096,False,0.0914978717142935
deep,70000,16.75,13,65000,130000,0,BPSK,0.0051986728766025645,8.485252251131996e-05,0.005032361932480378,0.005364983820724751,False,0.8914994122032792
deep,70000,16.75,13,65000,130000,1,QPSK,0.010199874799679487,0.00011740614200335112,0.009969758761352919,0.010429990838006055,True,0.7988076598420767
deep,70000,16.75,13,65000,130000,2,16QAM,0.036209078275240385,0.00019620689924808662,0.03582451275271414,0.03659364379776663,False,0.3665318443850345
deep,70000,16.75,13,65000,130000,3,64QAM,0.08947977597489316,0.0002493399979531151,0.08899106957890505,0.08996848237088127,False,0.1567902104278157
deep,70000,16.75,14,70000,140000,0,BPSK,0.00523369140625,8.240029820688902e-05,0.005072186821764498,0.0053951959907355025,False,0.8910586087906638
deep,70000,16.75,14,70000,140000,1,QPSK,0.010231112816220238,0.00011364353166438578,0.010008371494158041,0.010453854138282434,False,0.6878850023090631
deep,70000,16.75,14,70000,140000,2,16QAM,0.03624802013578869,0.00018933498076003532,0.035876923573499024,0.03661911669807836,False,0.19363383184777028
deep,70000,16.75,14,70000,140000,3,64QAM,0.08952924572172619,0.0002404187605995189,0.08905802495095112,0.09000046649250125,False,0.23612588155644576
deep,70000,22.75,1,5000,10000,0,BPSK,0.0013291015625,0.00015062179300601305,0.0010338828482082145,0.0016243202767917855,False,1.2219614071546987
deep,70000,22.75,1,5000,10000,1,QPSK,0.0026342447916666667,0.00021771273750042044,0.0022075278261658427,0.0030609617571674907,False,1.2631699611689482
deep,70000,22.75,1,5000,10000,2,16QAM,0.009736800130208334,0.00039150081055970337,0.008969458541511315,0.010504141718905353,True,0.7330477879859814
deep,70000,22.75,1,5000,10000,3,64QAM,0.029971875,0.0005980694664816371,0.02879965884569599,0.031144091154304006,False,0.006131982211082501
deep,70000,22.75,2,10000,20000,0,BPSK,0.0012268880208333333,0.00010169482974089273,0.0010275661545411836,0.001426209887125483,False,1.554440025642916
deep,70000,22.75,2,10000,20000,1,QPSK,0.0025318033854166665,0.00014770480230194685,0.002242301972904851,0.002821304797928482,False,1.485887863960653
deep,70000,22.75,2,10000,20000,2,16QAM,0.009727840169270833,0.0002731013733971718,0.009192561477412377,0.01026311886112929,True,1.3483218858488357
deep,70000,22.75,2,10000,20000,3,64QAM,0.029922894965277776,0.00042215169978779407,0.0290954776336937,0.030750312296861853,False,0.8960385450845488
deep,70000,22.75,3,15000,30000,0,BPSK,0.0013072699652777779,8.744085627951011e-05,0.0011358858869699381,0.0014786540435856176,False,1.0237582831799443
deep,70000,22.75,3,15000,30000,1,QPSK,0.002623296440972222,0.0001253067532754449,0.00237769520455235,0.0028688976773920943,False,1.0719380776000835
deep,70000,22.75,3,15000,30000,2,16QAM,0.009905376519097222,0.0002265974304703959,0.009461245555375246,0.010349507482819199,True,1.0343005511480559
deep,70000,22.75,3,15000,30000,3,64QAM,0.030213917824074073,0.000347527123095959,0.029532764662805994,0.030895070985342152,False,0.4060960771174626
deep,70000,22.75,4,20000,40000,0,BPSK,0.0012873209635416666,7.535310958994497e-05,0.0011396288687453744,0.0014350130583379588,False,0.9566494667647932
deep,70000,22.75,4,20000,40000,1,QPSK,0.0026168701171875,0.0001077159645866962,0.0024057468265975754,0.0028279934077774247,False,0.8539471236907796
deep,70000,22.75,4,20000,40000,2,16QAM,0.010011735026041666,0.00019651244140108802,0.009626570640895534,0.010396899411187798,True,0.752083648285122
deep,70000,22.75,4,20000,40000,3,64QAM,0.03039401312934028,0.0003021307419364341,0.029801836875144868,0.03098618938353569,False,0.35318244561120476
deep,70000,22.75,5,25000,50000,0,BPSK,0.0013126041666666666,6.752504340218179e-05,0.0011802550815983902,0.001444953251734943,False,0.18704299635451835
deep,70000,22.75,5,25000,50000,1,QPSK,0.0026557161458333335,9.700791307949987e-05,0.0024655806361975137,0.0028458516554691533,False,0.013556533441097711
deep,70000,22.75,5,25000,50000,2,16QAM,0.010093248697916666,0.00017686728951620833,0.009746588810464899,0.010439908585368434,True,0.3844363329197876
deep,70000,22.75,5,25000,50000,3,64QAM,0.030550442708333334,0.0002712024064642089,0.030018885991663483,0.031081999425003184,False,0.9853076434030914
deep,70000,22.75,6,30000,60000,0,BPSK,0.0013580403645833334,6.275858314723415e-05,0.0012350335416147545,0.0014810471875519122,False,0.016770751340068786
deep,70000,22.75,6,30000,60000,1,QPSK,0.002720849609375,9.01950255068273e-05,0.0025440673593816188,0.0028976318593683815,False,0.4112515287237852
deep,70000,22.75,6,30000,60000,2,16QAM,0.010188468424479166,0.0001630338332116922,0.00986892211138425,0.010508014737574083,True,0.9142129867003278
deep,70000,22.75,6,30000,60000,3,64QAM,0.03066293041087963,0.00024878536927498815,0.030175311087100653,0.031150549734658608,False,1.5762976781729876
deep,70000,22.75,7,35000,70000,0,BPSK,0.0013710286458333333,5.865644393823637e-05,0.00125606201571439,0.0014859952759522766,False,0.3451840425316144
deep,70000,22.75,7,35000,70000,1,QPSK,0.002737193080357143,8.388685404123308e-05,0.0025727748464363263,0.0029016113142779597,False,0.14668092682067171
deep,70000,22.75,7,35000,70000,2,16QAM,0.010240211123511905,0.00015135048336710282,0.009943564176112384,0.010536858070911426,True,0.7307080052868278
deep,70000,22.75,7,35000,70000,3,64QAM,0.030723046875,0.00023089865998882214,0.030270485501421907,0.031175608248578093,False,1.2227302108990659
deep,70000,22.75,8,40000,80000,0,BPSK,0.0013745035807291666,5.517719622240259e-05,0.0012663562761332575,0.0014826508853250757,False,0.7729870818674944
deep,70000,22.75,8,40000,80000,1,QPSK,0.0027435506184895833,7.856309669872936e-05,0.002589566948960074,0.0028975342880190927,False,0.31111817913092843
deep,70000,22.75,8,40000,80000,2,16QAM,0.010292067464192709,0.00014179767925767171,0.010014144012847672,0.010569990915537746,False,0.4236208838445039
deep,70000,22.75,8,40000,80000,3,64QAM,0.030816923014322917,0.00021642415121891228,0.03039273167793385,0.031241114350711984,False,1.0318356910521815
deep,70000,22.75,9,45000,90000,0,BPSK,0.001374833622685185,5.231933495099119e-05,0.0012722877261812423,0.001477379519189128,False,0.45170123082911334
deep,70000,22.75,9,45000,90000,1,QPSK,0.002730497685185185,7.412216755332212e-05,0.002585218236780674,0.0028757771335896965,False,0.05992170069373612
deep,70000,22.75,9,45000,90000,2,16QAM,0.010238442201967592,0.00013336359657279066,0.009977049552684922,0.010499834851250263,True,0.5862770099861689
deep,70000,22.75,9,45000,90000,3,64QAM,0.030722069106867284,0.00020359231358018794,0.030323028172250115,0.03112111004148445,False,1.1959515770816278
deep,70000,22.75,10,50000,100000,0,BPSK,0.0013839322916666668,4.995460662290929e-05,0.0012860212626857647,0.0014818433206475689,False,0.4725626073960059
deep,70000,22.75,10,50000,100000,1,QPSK,0.0027387760416666667,7.058043382659786e-05,0.0026004383913665347,0.0028771136919667987,False,0.05479093868096489
deep,70000,22.75,10,50000,100000,2,16QAM,0.010230602213541667,0.00012661953786163196,0.009982427919332869,0.010478776507750465,True,0.8333937175713826
deep,70000,22.75,10,50000,100000,3,64QAM,0.030698663194444444,0.0001931428732742888,0.03032010316282684,0.03107722322606205,False,1.3356421430150471
deep,70000,22.75,11,55000,110000,0,BPSK,0.0013667376893939393,4.7328743250908165e-05,0.0012739733526221594,0.0014595020261657192,False,0.41167008929157217
deep,70000,22.75,11,55000,110000,1,QPSK,0.0027051816998106062,6.682950685987892e-05,0.0025741958663652435,0.002836167533255969,False,0.13173551611659462
deep,70000,22.75,11,55000,110000,2,16QAM,0.010168454071969696,0.00012012599128025839,0.00993300712906039,0.010403901014879003,True,0.9616685321291654
deep,70000,22.75,11,55000,110000,3,64QAM,0.03062972498421717,0.00018358704171497582,0.03026989438245582,0.03098955558597852,False,1.5977808127485382
deep,70000,22.75,12,60000,120000,0,BPSK,0.00137138671875,4.5349793809635526e-05,0.0012825011228831144,0.0014602723146168858,False,0.3823467888000504
deep,70000,22.75,12,60000,120000,1,QPSK,0.0027113199869791666,6.407319412629708e-05,0.0025857365264916245,0.0028369034474667086,False,0.1250209612148478
deep,70000,22.75,12,60000,120000,2,16QAM,0.010177669270833333,0.00011514348108584421,0.00995198804790508,0.010403350493761588,True,0.8350502692076661
deep,70000,22.75,12,60000,120000,3,64QAM,0.030632933666087964,0.00017584110199457038,0.030288285106178606,0.03097758222599732,False,1.4134237965097098
deep,70000,22.75,13,65000,130000,0,BPSK,0.0013603916266025642,4.3385047070607136e-05,0.0012753569343441741,0.0014454263188609542,False,0.3944290806435956
deep,70000,22.75,13,65000,130000,1,QPSK,0.0026892252604166665,6.129842770418692e-05,0.0025690803421164602,0.0028093701787168727,False,0.10747446657193917
deep,70000,22.75,13,65000,130000,2,16QAM,0.010133380909455128,0.00011023852028061507,0.009917313409705123,0.010349448409205134,True,0.735128882402846
deep,70000,22.75,13,65000,130000,3,64QAM,0.030607418536324787,0.00016856146381957253,0.030277038067238426,0.03093779900541115,False,1.3069797671255339
deep,70000,22.75,14,70000,140000,0,BPSK,0.0013678292410714285,4.206436028159984e-05,0.0012853830949194928,0.0014502753872233643,False,0.3548706947700958
deep,70000,22.75,14,70000,140000,1,QPSK,0.0026950172061011904,5.926789515243949e-05,0.002578852131602409,0.002811182280599972,False,0.7611227657095743
deep,70000,22.75,14,70000,140000,2,16QAM,0.010138460286458333,0.00010634887784389598,0.009930016485884296,0.01034690408703237,True,1.2249651620668123
deep,70000,22.75,14,70000,140000,3,64QAM,0.030597901940724207,0.00016247634543475593,0.030279448303672084,0.03091635557777633,False,1.6146320844715465
deep,70000,28.25,1,5000,10000,0,BPSK,0.00047858072916666665,0.00010278004729771405,0.00027713183646314713,0.0006800296218701862,False,0.9761163445097902
deep,70000,28.25,1,5000,10000,1,QPSK,0.00084423828125,0.00013422258097458973,0.0005811620225398042,0.0011073145399601958,False,0.7947337264959946
deep,70000,28.25,1,5000,10000,2,16QAM,0.0030691243489583335,0.00022678838639903623,0.0026246191116162223,0.0035136295863004447,False,0.6261526382299918
deep,70000,28.25,1,5000,10000,3,64QAM,0.009839322916666667,0.000363027988844297,0.009127788058531846,0.010550857774801489,True,0.07693153135720496
deep,70000,28.25,2,10000,20000,0,BPSK,0.0004925455729166666,6.893507482854465e-05,0.0003574328262527191,0.0006276583195806142,False,0.3999565618666004
deep,70000,28.25,2,10000,20000,1,QPSK,0.0009026041666666667,9.585399097899513e-05,0.0007147303443478363,0.001090477988985497,False,0.7494905531886834
deep,70000,28.25,2,10000,20000,2,16QAM,0.003159505208333333,0.00016472038278990617,0.002836653258065117,0.003482357158601549,False,0.7134991575993505
deep,70000,28.25,2,10000,20000,3,64QAM,0.00977705078125,0.00026007761337409863,0.009267298659036766,0.010286802903463232,True,0.48007414842582646
deep,70000,28.25,3,15000,30000,0,BPSK,0.00046688368055555556,5.522395649291085e-05,0.0003586447258294503,0.0005751226352816608,False,0.22791932096298925
deep,70000,28.25,3,15000,30000,1,QPSK,0.0008553927951388889,7.650013165147588e-05,0.0007054525371019962,0.0010053330531757817,False,0.03134587472383697
deep,70000,28.25,3,15000,30000,2,16QAM,0.0030565104166666666,0.00013137797216328096,0.002799009591226636,0.003314011242106697,False,0.04848036259917849
deep,70000,28.25,3,15000,30000,3,64QAM,0.009659642650462963,0.00020923800434953225,0.009249536161937879,0.010069749138988046,True,0.008608308342913304
deep,70000,28.25,4,20000,40000,0,BPSK,0.00043722330729166665,4.544389571265404e-05,0.0003481532716948647,0.0005262933428884685,False,0.23458995304277502
deep,70000,28.25,4,20000,40000,1,QPSK,0.0008313720703125,6.356455733920212e-05,0.0007067855379276638,0.0009559586026973362,False,0.2674466545861116
deep,70000,28.25,4,20000,40000,2,16QAM,0.0030560791015625,0.00011263285214940397,0.0028353187113496683,0.0032768394917753315,False,0.4681202802534791
deep,70000,28.25,4,20000,40000,3,64QAM,0.009668153211805556,0.00018114053228646652,0.009313117768524082,0.01002318865508703,True,0.5560961470499788
deep,70000,28.25,5,25000,50000,0,BPSK,0.00041731770833333334,3.9737194590698165e-05,0.00033943280693556494,0.0004952026097311017,False,0.46988041544657827
deep,70000,28.25,5,25000,50000,1,QPSK,0.0007970377604166667,5.558692319948806e-05,0.0006880873909456701,0.0009059881298876633,False,0.011829140213580294
deep,70000,28.25,5,25000,50000,2,16QAM,0.002955859375,9.875184559412744e-05,0.0027623057576355104,0.00314941299236449,False,0.13330316123383287
deep,70000,28.25,5,25000,50000,3,64QAM,0.009496592881944444,0.00015961399090739145,0.009183749459765958,0.009809436304122931,False,0.12421338233842102
deep,70000,28.25,6,30000,60000,0,BPSK,0.00040980902777777776,3.576406561549929e-05,0.0003397114591713992,0.00047990659638415636,False,0.7414984084602272
deep,70000,28.25,6,30000,60000,1,QPSK,0.0007888075086805556,5.0152056583113686e-05,0.0006905094777776527,0.0008871055395834584,False,0.23982865591354005
deep,70000,28.25,6,30000,60000,2,16QAM,0.0029449896918402776,8.980420689763391e-05,0.002768973446320915,0.00312100593735964,False,0.015072933672407139
deep,70000,28.25,6,30000,60000,3,64QAM,0.009472600188078703,0.00014544247460426975,0.009187532937854334,0.009757667438303072,False,0.09771893665864635
deep,70000,28.25,7,35000,70000,0,BPSK,0.0004084635416666667,3.370968574105177e-05,0.0003423925576142052,0.00047453452571912815,False,0.9893871378750188
deep,70000,28.25,7,35000,70000,1,QPSK,0.0007795526413690476,4.646031177353821e-05,0.0006884904302929127,0.0008706148524451825,False,0.35882697678339104
deep,70000,28.25,7,35000,70000,2,16QAM,0.002937055896577381,8.288118317167003e-05,0.0027746087775609076,0.0030995030155938543,False,0.15488506064129376
deep,70000,28.25,7,35000,70000,3,64QAM,0.009458460441468254,0.0001344510519524323,0.009194936379641487,0.009721984503295021,False,0.4742121881376395
deep,70000,28.25,8,40000,80000,0,BPSK,0.0004285074869791667,3.271469206292636e-05,0.000364386690535831,0.0004926282834225023,False,1.4291204145032517
deep,70000,28.25,8,40000,80000,1,QPSK,0.0008054280598958334,4.472266343466593e-05,0.0007177716395638881,0.0008930844802277786,False,0.7722633367399125
deep,70000,28.25,8,40000,80000,2,16QAM,0.0029687723795572916,7.854602505971983e-05,0.0028148221704402407,0.0031227225886743424,False,0.38461789670300983
deep,70000,28.25,8,40000,80000,3,64QAM,0.0095049072265625,0.0001265345836319173,0.009256899442643941,0.009752915010481058,False,0.3284742568295192
deep,70000,28.25,9,45000,90000,0,BPSK,0.0004125506365740741,3.000430892096184e-05,0.00035374219108898886,0.0004713590820591593,False,1.221616074808426
deep,70000,28.25,9,45000,90000,1,QPSK,0.0007909143518518519,4.129491473259201e-05,0.0007099763189759716,0.0008718523847277322,False,0.3739947495203256
deep,70000,28.25,9,45000,90000,2,16QAM,0.002957107204861111,7.350083693543382e-05,0.002813045564467661,0.0031011688452545613,False,0.19570290191468526
deep,70000,28.25,9,45000,90000,3,64QAM,0.00950558449074074,0.0001190098727728528,0.009272325140105949,0.009738843841375532,False,0.4034159652384966
deep,70000,28.25,10,50000,100000,0,BPSK,0.00040959635416666667,2.827001103302681e-05,0.00035418713254193414,0.0004650055757913992,False,1.0289543282134543
deep,70000,28.25,10,50000,100000,1,QPSK,0.0007849967447916666,3.901854130748576e-05,0.0007085204038289946,0.0008614730857543387,False,0.20331115456600266
deep,70000,28.25,10,50000,100000,2,16QAM,0.0029485221354166665,6.948785810618636e-05,0.002812325933528541,0.003084718337304792,False,0.37279658774319724
deep,70000,28.25,10,50000,100000,3,64QAM,0.009492849392361112,0.0001127201247361908,0.009271917947878178,0.009713780836844045,False,0.569986195581997
deep,70000,28.25,11,55000,110000,0,BPSK,0.00039968631628787876,2.659620706774816e-05,0.0003475577504350924,0.00045181488214066513,False,1.0341158700545505
deep,70000,28.25,11,55000,110000,1,QPSK,0.0007722034801136364,3.6731755157328086e-05,0.0007002092400052734,0.0008441977202219994,False,0.094179629429159
deep,70000,28.25,11,55000,110000,2,16QAM,0.0029391187263257575,6.582023409975464e-05,0.0028101110674902383,0.0030681263851612766,False,0.5027864103086663
deep,70000,28.25,11,55000,110000,3,64QAM,0.009502986900252525,0.00010728907782248084,0.009292700307720463,0.009713273492784587,False,0.6708184220803433
deep,70000,28.25,12,60000,120000,0,BPSK,0.0003885959201388889,2.5090399041351247e-05,0.00033941873801784044,0.00043777310225993736,False,0.8973620812340533
deep,70000,28.25,12,60000,120000,1,QPSK,0.0007525092230902778,3.463011133993968e-05,0.0006846342048639959,0.0008203842413165596,False,0.05820102926164975
deep,70000,28.25,12,60000,120000,2,16QAM,0.00291424560546875,6.238907307987276e-05,0.0027919630222321993,0.0030365281887053007,False,0.4423417616216708
deep,70000,28.25,12,60000,120000,3,64QAM,0.0094993896484375,0.00010228286810711199,0.009298915226947561,0.00969986406992744,False,0.7099646267899012
deep,70000,28.25,13,65000,130000,0,BPSK,0.00038896233974358973,2.408562178646073e-05,0.0003417545210421267,0.00043617015844505275,False,0.43664200486904825
deep,70000,28.25,13,65000,130000,1,QPSK,0.0007563952323717949,3.322474562624331e-05,0.000691274730944358,0.0008215157337992318,False,0.27945504688695927
deep,70000,28.25,13,65000,130000,2,16QAM,0.002929969200721154,6.01053037421708e-05,0.0028121628053864992,0.0030477755960558084,False,0.5982199407691233
deep,70000,28.25,13,65000,130000,3,64QAM,0.009528251034989317,9.850923538359834e-05,0.009335172933637463,0.00972132913634117,False,0.883538330617759
deep,70000,28.25,14,70000,140000,0,BPSK,0.00040340401785714285,2.3720742099705884e-05,0.0003569113633417193,0.0004498966723725664,False,0.5642118576469891
deep,70000,28.25,14,70000,140000,1,QPSK,0.000777192615327381,3.2611440451739314e-05,0.0007132741920419719,0.00084111103861279,False,0.10716136038322073
deep,70000,28.25,14,70000,140000,2,16QAM,0.0029640113467261906,5.85668964186821e-05,0.0028492202297455737,0.0030788024637068076,False,0.4868884821309339
deep,70000,28.25,14,70000,140000,3,64QAM,0.009578149026537698,9.548979721469016e-05,0.009390989023996906,0.009765309029078491,False,0.9119041837483621
