snr_db,BPSK_BER,QPSK_BER,16QAM_BER,64QAM_BER,BPSK_SE,QPSK_SE,16QAM_SE,64QAM_SE,BPSK_eligible,QPSK_eligible,16QAM_eligible,64QAM_eligible,best_mode,best_mode_bps,fallback_used,selection_reason,reliability_uncertain,label_uncertain,boundary_uncertain,num_blocks
0.0,0.14641117621527777,0.21106934678819445,0.3155479926215278,0.3739170355902778,0.0006751982609531082,0.0006581934797213907,0.0005099968878372889,0.0003629048879385066,False,False,False,False,BPSK,1,True,Fallback (robustest_mode): no mode satisfied BER <= 0.0100,False,False,False,30000
2.0,0.10914064670138889,0.16849890407986112,0.27842894422743053,0.3460136357060185,0.0006403644589619955,0.0006742348428245464,0.0005641321374662882,0.00041923087193410704,False,False,False,False,BPSK,1,True,Fallback (robustest_mode): no mode satisfied BER <= 0.0100,False,False,False,30000
4.0,0.07674342447916667,0.12668552517361112,0.23715054796006946,0.31306666304976855,0.000581391199923081,0.0006585628737826048,0.0006049803742011518,0.0004754111582156535,False,False,False,False,BPSK,1,True,Fallback (robustest_mode): no mode satisfied BER <= 0.0100,False,False,False,30000
6.0,0.05403196614583333,0.09302073567708333,0.19653487413194445,0.27799591290509257,0.0005198566207345998,0.0006232633511654228,0.0006367418299694604,0.000530230261252577,False,False,False,False,BPSK,1,True,Fallback (robustest_mode): no mode satisfied BER <= 0.0100,False,False,False,30000
8.0,0.03543760850694445,0.0644331271701389,0.1563938747829861,0.2409167426215278,0.00043273430413990423,0.0005468052251715848,0.000631387126264879,0.0005592506654436684,False,False,False,False,BPSK,1,True,Fallback (robustest_mode): no mode satisfied BER <= 0.0100,False,False,False,30000
10.0,0.023560264756944446,0.04388671875,0.11963401150173611,0.2032935619212963,0.0003626902586960344,0.00047523293916490553,0.000611945208688285,0.0005803936289950935,False,False,False,False,BPSK,1,True,Fallback (robustest_mode): no mode satisfied BER <= 0.0100,False,False,False,30000
12.0,0.015798980034722222,0.029684722222222223,0.08853359375,0.16732545934606483,0.0003055795693584109,0.00040688592878958697,0.0005720818397726596,0.0005850954265416771,False,False,False,False,BPSK,1,True,Fallback (robustest_mode): no mode satisfied BER <= 0.0100,False,False,False,30000
14.0,0.009577300347222222,0.018798187934027776,0.06185818684895834,0.13176778428819444,0.00023193481507134594,0.0003229900022000085,0.0005030152797022865,0.0005661525611797608,True,False,False,False,BPSK,1,False,Max rate mode satisfying BER <= 0.0100,True,False,False,30000
16.0,0.0063918185763888885,0.012435709635416667,0.042621923828125,0.10061579499421296,0.0001953233935045116,0.00026993956256494517,0.0004403321616917597,0.0005395503806583506,True,False,False,False,BPSK,1,False,Max rate mode satisfying BER <= 0.0100,False,False,False,30000
16.5,0.0057189453125,0.011011935763888888,0.038019970703125,0.09284348234953704,0.00018739613708181917,0.00025754704342876737,0.0004204262208563348,0.0005254269359577854,True,False,False,False,BPSK,1,False,Max rate mode satisfying BER <= 0.0100,False,False,False,30000
17.0,0.004710720486111111,0.009544889322916666,0.03489700520833333,0.08704889322916666,0.0001637726743217388,0.0002313094670721683,0.000397436443387798,0.000513564726200182,True,True,False,False,QPSK,2,False,Max rate mode satisfying BER <= 0.0100,False,False,False,30000
17.5,0.004623068576388889,0.009047146267361111,0.03173683810763889,0.08027723162615741,0.0001674415309643899,0.000231862961058907,0.000389760110650699,0.0005074650152312356,True,True,False,False,QPSK,2,False,Max rate mode satisfying BER <= 0.0100,False,False,False,30000
18.0,0.0041806423611111115,0.008046419270833334,0.028509006076388888,0.07406627965856481,0.00016148454014664772,0.0002220382708695032,0.0003720125293932736,0.000493301856078948,True,True,False,False,QPSK,2,False,Max rate mode satisfying BER <= 0.0100,False,False,False,30000
20.0,0.0023396484375,0.004659684244791667,0.017850016276041665,0.05112415093315972,0.00010330940485758672,0.0001439761316590898,0.0002559708368407527,0.00036955211138936235,True,True,False,False,QPSK,2,False,Max rate mode satisfying BER <= 0.0100,False,False,False,40000
22.0,0.0014704535590277779,0.0029824544270833334,0.011810921223958333,0.03566026294849537,6.617722809418757e-05,9.333057309053492e-05,0.00017125896087276697,0.0002617630853854458,True,True,False,False,QPSK,2,False,Max rate mode satisfying BER <= 0.0100,False,False,False,60000
22.5,0.0013416666666666666,0.002720121837797619,0.010711332775297618,0.03246220703125,5.841200963973354e-05,8.261681420935944e-05,0.00015174660064346592,0.00023398770355356576,True,True,False,False,QPSK,2,False,Max rate mode satisfying BER <= 0.0100,False,False,False,70000
23.0,0.001274014136904762,0.0025387323288690476,0.009713960193452382,0.029397681051587302,5.780825935127017e-05,8.103662785472574e-05,0.00014651876768909553,0.00022590709350987174,True,True,True,False,16QAM,4,False,Max rate mode satisfying BER <= 0.0100,True,True,True,70000
23.5,0.0011744326636904763,0.0022992838541666667,0.008662141927083334,0.026480636160714284,5.446382656503348e-05,7.74987927276779e-05,0.0001396082397337257,0.00021574939915469812,True,True,True,False,16QAM,4,False,Max rate mode satisfying BER <= 0.0100,False,False,False,70000
24.0,0.0009813802083333332,0.0019596883138020835,0.007631361897786459,0.023730208333333332,4.732562048564659e-05,6.647367364669259e-05,0.00012148869693950813,0.0001914784464401019,True,True,True,False,16QAM,4,False,Max rate mode satisfying BER <= 0.0100,False,False,False,80000
26.0,0.0007204334077380953,0.0013604259672619049,0.004961760602678571,0.01560198722718254,4.514771843169187e-05,6.161776930675551e-05,0.00010813181059429478,0.00017076969128751755,True,True,True,False,16QAM,4,False,Max rate mode satisfying BER <= 0.0100,False,False,False,70000
28.0,0.00034557291666666666,0.0007170758928571429,0.0030543526785714284,0.010095076884920635,3.069686110415825e-05,4.2559805814958275e-05,8.092838712569059e-05,0.00013654986792005467,True,True,True,False,16QAM,4,False,Max rate mode satisfying BER <= 0.0100,True,True,True,70000
28.5,0.00032163628472222223,0.0006740614149305555,0.0027766221788194444,0.009115270543981481,3.027558737279386e-05,4.394423491757045e-05,8.420077088380177e-05,0.0001411566190838865,True,True,True,True,64QAM,6,False,Max rate mode satisfying BER <= 0.0100,False,False,False,60000
29.0,0.00024337239583333334,0.0005009700520833333,0.002257936197916667,0.00784017578125,2.9424219943023932e-05,4.14535212285132e-05,8.100054904112238e-05,0.00014016514762090423,True,True,True,True,64QAM,6,False,Max rate mode satisfying BER <= 0.0100,False,False,False,50000
29.5,0.0002916927083333333,0.0005901432291666667,0.0023083268229166665,0.007496226128472222,3.19361980033761e-05,4.554668838162211e-05,8.570987950739854e-05,0.00014197809361044916,True,True,True,True,64QAM,6,False,Max rate mode satisfying BER <= 0.0100,False,False,False,50000
30.0,0.00030623914930555553,0.0005798448350694444,0.002091544596354167,0.006678455946180556,3.160698482545595e-05,4.334224717748687e-05,7.668448083020895e-05,0.00012397636033473873,True,True,True,True,64QAM,6,False,Max rate mode satisfying BER <= 0.0100,False,False,False,60000
