snr_db,light_best_mode,deep_best_mode,light_best_bps,deep_best_bps,label_flip,light_eligible_modes,deep_eligible_modes,light_fallback_used,deep_fallback_used,light_reliability_uncertain,deep_reliability_uncertain,light_label_uncertain,deep_label_uncertain,light_selection_reason,deep_selection_reason
0.0,BPSK,BPSK,1,1,False,None,None,True,True,False,False,False,False,Fallback (robustest_mode): no mode satisfied upper 95% CI <= 0.0100,Fallback (robustest_mode): no mode satisfied upper 95% CI <= 0.0100
2.0,BPSK,BPSK,1,1,False,None,None,True,True,False,False,False,False,Fallback (robustest_mode): no mode satisfied upper 95% CI <= 0.0100,Fallback (robustest_mode): no mode satisfied upper 95% CI <= 0.0100
4.0,BPSK,BPSK,1,1,False,None,None,True,True,False,False,False,False,Fallback (robustest_mode): no mode satisfied upper 95% CI <= 0.0100,Fallback (robustest_mode): no mode satisfied upper 95% CI <= 0.0100
6.0,BPSK,BPSK,1,1,False,None,None,True,True,False,False,False,False,Fallback (robustest_mode): no mode satisfied upper 95% CI <= 0.0100,Fallback (robustest_mode): no mode satisfied upper 95% CI <= 0.0100
8.0,BPSK,BPSK,1,1,False,None,None,True,True,False,False,False,False,Fallback (robustest_mode): no mode satisfied upper 95% CI <= 0.0100,Fallback (robustest_mode): no mode satisfied upper 95% CI <= 0.0100
10.0,BPSK,BPSK,1,1,False,None,None,True,True,False,False,False,False,Fallback (robustest_mode): no mode satisfied upper 95% CI <= 0.0100,Fallback (robustest_mode): no mode satisfied upper 95% CI <= 0.0100
12.0,BPSK,BPSK,1,1,False,None,None,True,True,False,False,False,False,Fallback (robustest_mode): no mode satisfied upper 95% CI <= 0.0100,Fallback (robustest_mode): no mode satisfied upper 95% CI <= 0.0100
14.0,BPSK,BPSK,1,1,False,BPSK,BPSK,False,False,False,False,False,False,Max rate mode satisfying upper 95% CI (BER + 1.96*SE) <= 0.0100,Max rate mode satisfying upper 95% CI (BER + 1.96*SE) <= 0.0100
16.0,BPSK,BPSK,1,1,False,BPSK,BPSK,False,False,False,False,False,False,Max rate mode satisfying upper 95% CI (BER + 1.96*SE) <= 0.0100,Max rate mode satisfying upper 95% CI (BER + 1.96*SE) <= 0.0100
16.5,BPSK,BPSK,1,1,False,BPSK,BPSK,False,False,False,False,False,False,Max rate mode satisfying upper 95% CI (BER + 1.96*SE) <= 0.0100,Max rate mode satisfying upper 95% CI (BER + 1.96*SE) <= 0.0100
17.0,QPSK,QPSK,2,2,False,"BPSK,QPSK","BPSK,QPSK",False,False,False,False,False,False,Max rate mode satisfying upper 95% CI (BER + 1.96*SE) <= 0.0100,Max rate mode satisfying upper 95% CI (BER + 1.96*SE) <= 0.0100
17.5,QPSK,QPSK,2,2,False,"BPSK,QPSK","BPSK,QPSK",False,False,False,False,False,False,Max rate mode satisfying upper 95% CI (BER + 1.96*SE) <= 0.0100,Max rate mode satisfying upper 95% CI (BER + 1.96*SE) <= 0.0100
18.0,QPSK,QPSK,2,2,False,"BPSK,QPSK","BPSK,QPSK",False,False,False,False,False,False,Max rate mode satisfying upper 95% CI (BER + 1.96*SE) <= 0.0100,Max rate mode satisfying upper 95% CI (BER + 1.96*SE) <= 0.0100
20.0,QPSK,QPSK,2,2,False,"BPSK,QPSK","BPSK,QPSK",False,False,False,False,False,False,Max rate mode satisfying upper 95% CI (BER + 1.96*SE) <= 0.0100,Max rate mode satisfying upper 95% CI (BER + 1.96*SE) <= 0.0100
22.0,QPSK,QPSK,2,2,False,"BPSK,QPSK","BPSK,QPSK",False,False,False,False,False,False,Max rate mode satisfying upper 95% CI (BER + 1.96*SE) <= 0.0100,Max rate mode satisfying upper 95% CI (BER + 1.96*SE) <= 0.0100
22.5,QPSK,QPSK,2,2,False,"BPSK,QPSK","BPSK,QPSK",False,False,True,False,True,False,Max rate mode satisfying upper 95% CI (BER + 1.96*SE) <= 0.0100,Max rate mode satisfying upper 95% CI (BER + 1.96*SE) <= 0.0100
23.0,QPSK,16QAM,2,4,True,"BPSK,QPSK","BPSK,QPSK,16QAM",False,False,True,False,True,False,Max rate mode satisfying upper 95% CI (BER + 1.96*SE) <= 0.0100,Max rate mode satisfying upper 95% CI (BER + 1.96*SE) <= 0.0100
23.5,16QAM,16QAM,4,4,False,"BPSK,QPSK,16QAM","BPSK,QPSK,16QAM",False,False,False,False,False,False,Max rate mode satisfying upper 95% CI (BER + 1.96*SE) <= 0.0100,Max rate mode satisfying upper 95% CI (BER + 1.96*SE) <= 0.0100
24.0,16QAM,16QAM,4,4,False,"BPSK,QPSK,16QAM","BPSK,QPSK,16QAM",False,False,False,False,False,False,Max rate mode satisfying upper 95% CI (BER + 1.96*SE) <= 0.0100,Max rate mode satisfying upper 95% CI (BER + 1.96*SE) <= 0.0100
26.0,16QAM,16QAM,4,4,False,"BPSK,QPSK,16QAM","BPSK,QPSK,16QAM",False,False,False,False,False,False,Max rate mode satisfying upper 95% CI (BER + 1.96*SE) <= 0.0100,Max rate mode satisfying upper 95% CI (BER + 1.96*SE) <= 0.0100
28.0,16QAM,16QAM,4,4,False,"BPSK,QPSK,16QAM","BPSK,QPSK,16QAM",False,False,False,False,False,False,Max rate mode satisfying upper 95% CI (BER + 1.96*SE) <= 0.0100,Max rate mode satisfying upper 95% CI (BER + 1.96*SE) <= 0.0100
28.5,64QAM,64QAM,6,6,False,"BPSK,QPSK,16QAM,64QAM","BPSK,QPSK,16QAM,64QAM",False,False,False,False,False,False,Max rate mode satisfying upper 95% CI (BER + 1.96*SE) <= 0.0100,Max rate mode satisfying upper 95% CI (BER + 1.96*SE) <= 0.0100
29.0,64QAM,64QAM,6,6,False,"BPSK,QPSK,16QAM,64QAM","BPSK,QPSK,16QAM,64QAM",False,False,False,False,False,False,Max rate mode satisfying upper 95% CI (BER + 1.96*SE) <= 0.0100,Max rate mode satisfying upper 95% CI (BER + 1.96*SE) <= 0.0100
29.5,64QAM,64QAM,6,6,False,"BPSK,QPSK,16QAM,64QAM","BPSK,QPSK,16QAM,64QAM",False,False,False,False,False,False,Max rate mode satisfying upper 95% CI (BER + 1.96*SE) <= 0.0100,Max rate mode satisfying upper 95% CI (BER + 1.96*SE) <= 0.0100
30.0,64QAM,64QAM,6,6,False,"BPSK,QPSK,16QAM,64QAM","BPSK,QPSK,16QAM,64QAM",False,False,False,False,False,False,Max rate mode satisfying upper 95% CI (BER + 1.96*SE) <= 0.0100,Max rate mode satisfying upper 95% CI (BER + 1.96*SE) <= 0.0100
