snr_db,mode_id,modulation,light_blocks_per_seed,deep_blocks_per_seed,light_pooled_blocks,deep_pooled_blocks,light_ber,deep_ber,ber_diff,ber_abs_diff,light_se,deep_se,se_reduction_ratio,se_reduction_pct,light_ci95_low,light_ci95_high,light_ci95_width,deep_ci95_low,deep_ci95_high,deep_ci95_width,ci95_width_reduction_pct,light_overlaps_target,deep_overlaps_target,overlap_status_changed,light_ci_eligible,deep_ci_eligible,eligibility_changed
0.0,0,BPSK,10000,70000,20000,140000,0.14524303385416668,0.1463198939732143,0.001076860119047618,0.001076860119047618,0.0008221026568308533,0.0003111832710384098,2.641860065573319,62.14788159936144,0.1436317126467782,0.14685435506155514,0.003222642414776933,0.145709974761979,0.1469298131844496,0.0012198384224705872,62.147881599360666,False,False,False,False,False,False
0.0,1,QPSK,10000,70000,20000,140000,0.21000489908854167,0.21122446986607143,0.001219570777529766,0.001219570777529766,0.0008027986104576323,0.0003036426685360979,2.6438926199932054,62.17698130257008,0.20843141381204472,0.21157838436503862,0.0031469705529938996,0.21062933023574068,0.2118196094964022,0.0011902792606615087,62.176981302569686,False,False,False,False,False,False
0.0,2,16QAM,10000,70000,20000,140000,0.314807958984375,0.3157350283668155,0.0009270693824404708,0.0009270693824404708,0.0006227462690840497,0.0002353564961948267,2.6459701735555416,62.2066790474723,0.3135873762969703,0.31602854167177974,0.0024411653748094286,0.31527372963427364,0.31619632709935735,0.0009225974650837188,62.20667904747166,False,False,False,False,False,False
0.0,3,64QAM,10000,70000,20000,140000,0.37339809027777776,0.37397976500496033,0.0005816747271825684,0.0005816747271825684,0.0004430699832961915,0.00016733223856041487,2.6478459088815827,62.23345185436461,0.3725296731105172,0.3742665074450383,0.001736834334521098,0.3736517938173819,0.37430773619253876,0.0006559423751568705,62.233451854362656,False,False,False,False,False,False
2.0,0,BPSK,10000,70000,20000,140000,0.10949176432291667,0.10845708240327381,-0.0010346819196428575,0.0010346819196428575,0.0007848724094186972,0.00029621325214087874,2.6496870202330203,62.25969360290494,0.10795341440045603,0.11103011424537731,0.003076699844921288,0.10787650442907769,0.10903766037746994,0.0011611559483922507,62.259693602904676,False,False,False,False,False,False
2.0,1,QPSK,10000,70000,20000,140000,0.16897999674479167,0.16766497628348215,-0.0013150204613095184,0.0013150204613095184,0.0008253589570769985,0.00031220746548306025,2.643623386135143,62.173129302583654,0.16736229318892074,0.1705977003006626,0.0032354071117418615,0.16705304965113535,0.16827690291582895,0.0012238532646935973,62.17312930258394,False,False,False,False,False,False
2.0,2,16QAM,10000,70000,20000,140000,0.27891153157552084,0.27772867024739584,-0.0011828613281250067,0.0011828613281250067,0.0006897436463463996,0.00026131578473652926,2.6395024205745217,62.11407149297719,0.2775596340286819,0.2802634291223598,0.0027037950936779076,0.27721649130931225,0.2782408491854794,0.0010243578761671701,62.11407149297838,False,False,False,False,False,False
2.0,3,64QAM,10000,70000,20000,140000,0.34637079535590276,0.34550111219618057,-0.0008696831597221899,0.0008696831597221899,0.0005120361761037888,0.00019437839668817145,2.634223683433375,62.038151646384584,0.3453672044507393,0.3473743862610662,0.0020071818103268857,0.34512013053867174,0.3458820938536894,0.0007619633150176552,62.03815164638408,False,False,False,False,False,False
4.0,0,BPSK,10000,70000,20000,140000,0.07622408854166667,0.07717391183035714,0.0009498232886904767,0.0009498232886904767,0.0007095734270336988,0.00027052554310551106,2.6229442842554396,61.874905006460544,0.07483332462468062,0.07761485245865271,0.0027815278339720917,0.07664368176587034,0.07770414189484394,0.0010604601289735949,61.87490500646074,False,False,False,False,False,False
4.0,1,QPSK,10000,70000,20000,140000,0.12603580729166666,0.12692300734747025,0.0008872000558035886,0.0008872000558035886,0.0008047766716179568,0.00030643812808338447,2.626228911693946,61.92258810542949,0.12445844501529547,0.12761316956803787,0.003154724552742391,0.1263223886164268,0.1275236260785137,0.0012012374620868904,61.922588105428765,False,False,False,False,False,False
4.0,2,16QAM,10000,70000,20000,140000,0.23661866861979167,0.23711697126116071,0.0004983026413690472,0.0004983026413690472,0.0007398648721710789,0.00028172433659791676,2.626201488680868,61.922190497946275,0.23516853347033634,0.238068803769247,0.0029002702989106566,0.2365647915614288,0.23766915096089264,0.00110435939946385,61.92219049794606,False,False,False,False,False,False
4.0,3,64QAM,10000,70000,20000,140000,0.3126630642361111,0.3129390756758433,0.00027601143973216,0.00027601143973216,0.0005815169706197616,0.00022132475174150705,2.627437582304105,61.94010442969077,0.3115232909736964,0.31380283749852583,0.0022795465248294233,0.3125052791624299,0.31337287218925663,0.0008675930268267074,61.94010442969008,False,False,False,False,False,False
6.0,0,BPSK,10000,70000,20000,140000,0.054877408854166664,0.05341476469494048,-0.0014626441592261868,0.0014626441592261868,0.0006440747380959379,0.0002374295182347867,2.712698668996297,63.13634052211181,0.05361502236749863,0.0561397953408347,0.002524772973336073,0.05294940283920029,0.05388012655068066,0.000930723711480369,63.13634052211155,False,False,False,False,False,False
6.0,1,QPSK,10000,70000,20000,140000,0.093897998046875,0.09256354631696428,-0.0013344517299107156,0.0013344517299107156,0.0007702776501790539,0.0002858253243233125,2.6949244333149123,62.89320814944179,0.09238825385252405,0.09540774224122595,0.003019488388701891,0.09200332868129059,0.09312376395263798,0.001120435271347392,62.89320814944155,False,False,False,False,False,False
6.0,2,16QAM,10000,70000,20000,140000,0.19721787923177084,0.19646700730096725,-0.0007508719308035872,0.0007508719308035872,0.0007844060468865973,0.00029283013373725104,2.678706719406223,62.66855222502053,0.19568044337987311,0.19875531508366856,0.0030748717037954454,0.19589306023884223,0.19704095436309227,0.0011478941242500373,62.6685522250199,False,False,False,False,False,False
6.0,3,64QAM,10000,70000,20000,140000,0.27851144205729167,0.2779982142857143,-0.0005132277715773625,0.0005132277715773625,0.0006528793139026994,0.00024390628546365822,2.676762973375599,62.64144379063473,0.2772317986020424,0.27979108551254095,0.0025592869104985594,0.27752015796620555,0.27847627060522306,0.0009561126390175145,62.64144379063542,False,False,False,False,False,False
8.0,0,BPSK,10000,70000,20000,140000,0.035283138020833334,0.0355260974702381,0.00024295944940476433,0.00024295944940476433,0.0005296034514404325,0.00020086173655341788,2.6366567397448932,62.073182112558435,0.03424511525601009,0.03632116078565658,0.002076045529646492,0.0351324084665934,0.035919786473882796,0.0007873780072893966,62.07318211255844,False,False,False,False,False,False
8.0,1,QPSK,10000,70000,20000,140000,0.06419861653645834,0.06441744559151785,0.00021882905505951622,0.00021882905505951622,0.0006687801540487223,0.0002538014489554352,2.6350525452128246,62.050092632242624,0.06288780743452284,0.06550942563839383,0.0026216182038709956,0.06391999475156519,0.06491489643147051,0.000994901679905319,62.05009263224219,False,False,False,False,False,False
8.0,2,16QAM,10000,70000,20000,140000,0.15609322916666668,0.15637942940848215,0.00028620024181547077,0.00028620024181547077,0.0007723582563855726,0.00029238558236276103,2.6415743558357554,62.14378755643186,0.15457940698415096,0.1576070513491824,0.0030276443650314455,0.15580635366705115,0.15695250514991316,0.0011461514828620123,62.14378755643224,False,False,False,False,False,False
8.0,3,64QAM,10000,70000,20000,140000,0.24066900499131944,0.24090279327876984,0.00023378828745040936,0.00023378828745040936,0.0006841613184570246,0.00025881139777465616,2.6434744541378943,62.17099815605648,0.23932804880714367,0.2420099611754952,0.0026819123683515245,0.24039552293913152,0.24141006361840817,0.0010145406792766432,62.17099815605665,False,False,False,False,False,False
10.0,0,BPSK,10000,70000,20000,140000,0.02384599609375,0.02343812779017857,-0.00040786830357142714,0.00040786830357142714,0.00044758013692656784,0.0001665787354742608,2.6868983946376903,62.782366389599076,0.022968739025373927,0.02472325316212607,0.001754514136752143,0.023111633468649022,0.02376462211170812,0.0006529886430590992,62.78236638959919,False,False,False,False,False,False
10.0,1,QPSK,10000,70000,20000,140000,0.044345751953125,0.043856270926339286,-0.0004894810267857125,0.0004894810267857125,0.0005857631379971172,0.00021883729607354181,2.6767061579862848,62.640650823162794,0.04319765620265065,0.04549384770359935,0.002296191500948702,0.04342734982603515,0.044285192026643425,0.0008578422006082775,62.640650823163114,False,False,False,False,False,False
10.0,2,16QAM,10000,70000,20000,140000,0.12029615885416667,0.11980535016741072,-0.000490808686755953,0.000490808686755953,0.000751310430408126,0.00028253663935542196,2.659161063578029,62.39415454382249,0.11882359041056674,0.1217687272977666,0.0029451368871998562,0.1192515783542741,0.12035912198054734,0.001107543626273244,62.39415454382286,False,False,False,False,False,False
10.0,3,64QAM,10000,70000,20000,140000,0.203997314453125,0.20356581333705356,-0.00043150111607143105,0.00043150111607143105,0.000711830021990426,0.00026794787041789893,2.6565989156033827,62.35788571144268,0.20260212761002375,0.20539250129622624,0.0027903736862024964,0.2030406355110345,0.20409099116307264,0.0010503556520381485,62.35788571144357,False,False,False,False,False,False
12.0,0,BPSK,10000,70000,20000,140000,0.015896712239583333,0.015193833705357143,-0.0007028785342261899,0.0007028785342261899,0.0003779366958544165,0.0001361488031065047,2.775909058552422,63.9757650950756,0.015155956315708676,0.01663746816345799,0.001481511847749313,0.014926982051268394,0.015460685359445892,0.0005337033081774974,63.97576509507567,False,False,False,False,False,False
12.0,1,QPSK,10000,70000,20000,140000,0.029684440104166668,0.02912841564360119,-0.0005560244605654768,0.0005560244605654768,0.0005011627883799536,0.0001835459379570913,2.7304488127496107,63.37598436818956,0.028702161038941958,0.030666719169391378,0.0019645581304494203,0.02876866560520529,0.02948816568199709,0.0007195000767918,63.375984368189485,False,False,False,False,False,False
12.0,2,16QAM,10000,70000,20000,140000,0.08825267740885416,0.08810827985491071,-0.0001443975539434511,0.0001443975539434511,0.0007017214564475346,0.0002621231012419385,2.6770683435484335,62.64570523909345,0.08687730335421699,0.08962805146349133,0.002750748109274337,0.08759451857647652,0.0886220411333449,0.0010275225568683877,62.645705239093886,False,False,False,False,False,False
12.0,3,64QAM,10000,70000,20000,140000,0.16701620551215277,0.16698167937748015,-3.452613467261334e-05,3.452613467261334e-05,0.000717017779312079,0.0002693299146226902,2.6622285174543787,62.437484481752925,0.1656108506647011,0.16842156035960443,0.002810709694903324,0.16645379274481967,0.16750956601014064,0.0010557732653209695,62.43748448175174,False,False,False,False,False,False
14.0,0,BPSK,10000,70000,20000,140000,0.009444759114583333,0.009495958891369047,5.119977678571391e-05,5.119977678571391e-05,0.0002803509764109492,0.0001085955455019078,2.581606594591156,61.264431145506585,0.008895271200817872,0.009994247028348793,0.0010989758275309208,0.009283111622185307,0.009708806160552787,0.00042569453836747984,61.26443114550647,False,False,False,True,True,False
14.0,1,QPSK,10000,70000,20000,140000,0.018589404296875,0.018587672061011903,-1.7322358630972312e-06,1.7322358630972312e-06,0.00039263805469441307,0.00014932182649299424,2.6294753012067833,61.96959904734395,0.017819833709673952,0.01935897488407605,0.0015391411744020977,0.018295001281085636,0.01888034284093817,0.0005853415598525355,61.96959904734404,False,False,False,False,False,False
14.0,2,16QAM,10000,70000,20000,140000,0.06141168619791667,0.06183442150297619,0.0004227353050595198,0.0004227353050595198,0.0006130987909764268,0.00023185447624212463,2.64432587592646,62.183178363005574,0.060210012567602875,0.06261335982823046,0.002403347260627589,0.061379986729541626,0.06228885627641075,0.000908869546869126,62.18317836300561,False,False,False,False,False,False
14.0,3,64QAM,10000,70000,20000,140000,0.1313336697048611,0.1320052044580853,0.0006715347532242066,0.0006715347532242066,0.0006907126586342201,0.0002607759714326975,2.6486821421446916,62.24537538542546,0.12997987289393803,0.13268746651578417,0.0027075936218461383,0.1314940835540772,0.1325163253620934,0.0010222418080161888,62.24537538542485,False,False,False,False,False,False
16.0,0,BPSK,10000,70000,20000,140000,0.006195963541666667,0.006195252046130952,-7.114955357144861e-07,7.114955357144861e-07,0.0002331937875799071,8.80502671142875e-05,2.6484165831913513,62.241589697531786,0.005738903718010049,0.006653023365323285,0.0009141196473132357,0.006022673522586949,0.006367830569674956,0.00034515704708800755,62.241589697531715,False,False,False,True,True,False
16.0,1,QPSK,10000,70000,20000,140000,0.012243505859375,0.01217582775297619,-6.767810639880974e-05,6.767810639880974e-05,0.00032454163872123174,0.00012262348302675519,2.64665160954872,62.216409730991764,0.011607404247481386,0.012879607471268614,0.0012722032237872279,0.01193548572624375,0.01241616977970863,0.0004806840534648804,62.21640973099174,False,False,False,False,False,False
16.0,2,16QAM,10000,70000,20000,140000,0.042530802408854165,0.04233540969122024,-0.00019539271763392707,0.00019539271763392707,0.0005355216752419403,0.00020191704602140636,2.652186557766731,62.29526173143536,0.04148117992537996,0.04358042489232837,0.0020992449669484103,0.04193965228101828,0.0427311671014222,0.0007915148204039185,62.29526173143516,False,False,False,False,False,False
16.0,3,64QAM,10000,70000,20000,140000,0.10060042317708333,0.10041089177207341,-0.00018953140500992116,0.00018953140500992116,0.0006588067647235135,0.00024832959622587725,2.6529530701780377,62.30615568586403,0.09930916191822524,0.10189168443594142,0.0025825225177161792,0.09992416576347068,0.10089761778067613,0.000973452017205445,62.30615568586387,False,False,False,False,False,False
16.5,0,BPSK,10000,70000,20000,140000,0.0057350260416666665,0.005450358072916666,-0.0002846679687500001,0.0002846679687500001,0.0002282597134104991,8.347510634874251e-05,2.734464481624918,63.42976817874907,0.005287637003382088,0.0061824150799512445,0.0008947780765691561,0.005286746864473131,0.0056139692813602015,0.0003272224168870703,63.4297681787491,False,False,False,True,True,False
16.5,1,QPSK,10000,70000,20000,140000,0.011032112630208334,0.010773663039434524,-0.0002584495907738092,0.0002584495907738092,0.00031540436878063605,0.00011566752976881424,2.7268185757147028,63.32722650101874,0.010413920067398287,0.01165030519301838,0.0012363851256200938,0.010546954681087649,0.0110003713977814,0.0004534167166937511,63.32722650101881,False,False,False,False,False,False
16.5,2,16QAM,10000,70000,20000,140000,0.037960009765625,0.038258599562872024,0.0002985897972470272,0.0002985897972470272,0.0005149172675967098,0.00019293129751992493,2.6689151745508366,62.53159300320233,0.036950771921135446,0.03896924761011455,0.0020184756889791017,0.03788045421973297,0.03863674490601108,0.0007562906862781105,62.53159300320209,False,False,False,False,False,False
16.5,3,64QAM,10000,70000,20000,140000,0.09286735568576389,0.09322577427455357,0.0003584185887896829,0.0003584185887896829,0.0006429163557104151,0.00024298811119727833,2.6458757695698174,62.2053305940896,0.09160723962857148,0.0941274717429563,0.0025202321143848183,0.0927495175766069,0.09370203097250024,0.0009525133958933341,62.20533059408935,False,False,False,False,False,False
17.0,0,BPSK,10000,70000,20000,140000,0.004558365885416667,0.004842150297619047,0.00028378441220238033,0.00028378441220238033,0.000195065480715775,7.793501333255876e-05,2.5029248392299035,60.04674274167663,0.004176037543213748,0.004940694227619586,0.0007646566844058383,0.004689397671487232,0.004994902923750863,0.0003055052522636312,60.04674274167653,False,False,False,True,True,False
17.0,1,QPSK,10000,70000,20000,140000,0.0093576171875,0.009664318266369048,0.00030670107886904795,0.00030670107886904795,0.00027835255606765323,0.00010909542828666287,2.551459400629003,60.80674457318531,0.0088120461776074,0.0099031881973926,0.001091142019785201,0.009450491226927189,0.009878145305810907,0.00042765407888371854,60.80674457318532,False,False,False,True,True,False
17.0,2,16QAM,10000,70000,20000,140000,0.034618017578125,0.03487371768043155,0.0002557001023065497,0.0002557001023065497,0.00048283910010869877,0.00018504454162545283,2.609312849043716,61.67573388654838,0.03367165294191195,0.03556438221433805,0.0018927292724261052,0.03451103037884566,0.03523640498201744,0.0007253746031717773,61.67573388654838,False,False,False,False,False,False
17.0,3,64QAM,10000,70000,20000,140000,0.08665484483506944,0.08690956256200397,0.000254717726934528,0.000254717726934528,0.0006264410626112184,0.0002381876955723027,2.630031165573203,61.977636877848376,0.08542702035235145,0.08788266931778743,0.002455648965435986,0.08644271467868225,0.08737641044532568,0.0009336957666434276,61.97763687784848,False,False,False,False,False,False
17.5,0,BPSK,10000,70000,20000,140000,0.00454306640625,0.004387276785714286,-0.0001557896205357139,0.0001557896205357139,0.00020201340630605398,7.513694563118038e-05,2.6886028518867864,62.80596075027489,0.004147120129890134,0.004939012682609866,0.0007918925527197317,0.004240008372277173,0.004534545199151399,0.00029453682687422683,62.80596075027493,False,False,False,True,True,False
17.5,1,QPSK,10000,70000,20000,140000,0.008984261067708334,0.008682721819196429,-0.00030153924851190547,0.00030153924851190547,0.0002810258313563126,0.00010442606369023139,2.6911464573628407,62.8411156418466,0.008433450438249961,0.009535071697166707,0.0011016212589167462,0.008478046734363575,0.008887396904029283,0.00040935016966570786,62.84111564184656,False,False,False,True,True,False
17.5,2,16QAM,10000,70000,20000,140000,0.03168701171875,0.03129705752418155,-0.00038995419456844954,0.00038995419456844954,0.00047619677340136554,0.00017756422700422887,2.6818283245195804,62.71200543087937,0.03075366604288332,0.032620357394616675,0.0018666913517333544,0.03094903163925326,0.031645083409109834,0.0006960517698565739,62.71200543087957,False,False,False,False,False,False
17.5,3,64QAM,10000,70000,20000,140000,0.08006457790798611,0.07980719788566468,-0.00025738002232143786,0.00025738002232143786,0.0006214748836304897,0.00023287000699059732,2.668763108061328,62.52945804821055,0.07884648713607036,0.08128266867990187,0.002436181543831517,0.07935077267196311,0.08026362309936624,0.0009128504274031335,62.52945804821084,False,False,False,False,False,False
18.0,0,BPSK,10000,70000,20000,140000,0.004220963541666667,0.004110579427083334,-0.0001103841145833331,0.0001103841145833331,0.00019793771518601515,7.326188581083514e-05,2.701782966617834,62.98740452672897,0.003833005619902077,0.004608921463431256,0.0007759158435291791,0.003966986130894096,0.004254172723272571,0.00028718659237847444,62.987404526728874,False,False,False,True,True,False
18.0,1,QPSK,10000,70000,20000,140000,0.008110172526041667,0.00798158714657738,-0.00012858537946428689,0.00012858537946428689,0.000272743376380177,0.00010148504776268585,2.687522767077611,62.79101288926414,0.0075755955083365205,0.008644749543746815,0.0010691540354102946,0.007782676452962516,0.008180497840192244,0.0003978213872297279,62.79101288926423,False,False,False,True,True,False
18.0,2,16QAM,10000,70000,20000,140000,0.0286603271484375,0.02847270972842262,-0.00018761742001488155,0.00018761742001488155,0.0004571882690097037,0.0001715744442103858,2.6646641410599363,62.471818320704955,0.027764238141178482,0.02955641615569652,0.001792178014518038,0.028136423817770262,0.028808995639074977,0.0006725718213047155,62.47181832070476,False,False,False,False,False,False
18.0,3,64QAM,10000,70000,20000,140000,0.07423688693576388,0.07403287527901786,-0.00020401165674602262,0.00020401165674602262,0.0006056590769924411,0.00022798477345533077,2.6565768749074303,62.35757340788998,0.0730497951448587,0.07542397872666907,0.0023741835818103796,0.07358602512304542,0.0744797254349903,0.0008937003119448839,62.357573407890676,False,False,False,False,False,False
20.0,0,BPSK,10000,70000,20000,140000,0.0023271484375,0.002417680431547619,9.053199404761899e-05,9.053199404761899e-05,0.00014665070055116326,5.526557844359204e-05,2.6535631161600044,62.314821384497186,0.00203971306441972,0.00261458381058028,0.0005748707461605603,0.0023093598977981787,0.0025260009652970593,0.00021664106749888067,62.31482138449723,False,False,False,True,True,False
20.0,1,QPSK,10000,70000,20000,140000,0.0046423828125,0.004813174293154762,0.00017079148065476165,0.00017079148065476165,0.00020354569727679616,7.805149575955446e-05,2.607838521171193,61.654067463084516,0.004243433245837479,0.005041332379162521,0.0007978991333250415,0.004660193361466035,0.004966155224843488,0.0003059618633774533,61.65406746308457,False,False,False,True,True,False
20.0,2,16QAM,10000,70000,20000,140000,0.017928694661458335,0.018193910435267857,0.0002652157738095226,0.0002652157738095226,0.0003613965695040072,0.00013863492697275214,2.6068219415951184,61.63911374061482,0.01722035738523048,0.018637031937686187,0.001416674552455706,0.017922185978401263,0.01846563489213445,0.0005434489137331883,61.63911374061476,False,False,False,False,False,False
20.0,3,64QAM,10000,70000,20000,140000,0.05139771050347222,0.051675915333581346,0.00027820483010912445,0.00027820483010912445,0.000522950266052933,0.00019935565855062686,2.623202520836039,61.87865816470431,0.050372727982008474,0.05242269302493597,0.0020499650429274957,0.05128517824282212,0.052066652424340575,0.0007814741815184573,61.878658164704284,False,False,False,False,False,False
22.0,0,BPSK,10000,70000,20000,140000,0.0016606770833333332,0.0015433407738095239,-0.00011733630952380936,0.00011733630952380936,0.0001228566798169533,4.480000516095113e-05,2.742336287140396,63.534742085086805,0.0014198779908921049,0.0019014761757745616,0.00048159818488245675,0.0014555327636940596,0.001631148783924988,0.00017561602023092844,63.53474208508678,False,False,False,True,True,False
22.0,1,QPSK,10000,70000,20000,140000,0.003253629557291667,0.0030794061569940478,-0.0001742234002976191,0.0001742234002976191,0.0001725088246005802,6.276323895609023e-05,2.748564724667397,63.61737487841005,0.0029155122610745295,0.0035917468535088043,0.0006762345924342748,0.002956390208640111,0.0032024221053479846,0.0002460318967078736,63.61737487841008,False,False,False,True,True,False
22.0,2,16QAM,10000,70000,20000,140000,0.012152457682291666,0.011882529994419643,-0.0002699276878720229,0.0002699276878720229,0.00030710406329383165,0.00011339299858844884,2.708315920001747,63.076685677077336,0.011550533718235756,0.012754381646347577,0.001203847928111821,0.011660279717186283,0.012104780271653003,0.0004445005544667195,63.07668567707735,False,False,False,False,False,False
22.0,3,64QAM,10000,70000,20000,140000,0.03598314887152778,0.03563529730902778,-0.00034785156250000115,0.00034785156250000115,0.00046073376088998286,0.00017212938721307804,2.67667112716577,62.6401618842557,0.035080110700183416,0.036886187042872144,0.0018060763426887283,0.03529792371009015,0.03597267090796541,0.0006747471978752612,62.64016188425586,False,False,False,False,False,False
22.5,0,BPSK,10000,70000,20000,140000,0.00124755859375,0.001365415736607143,0.00011785714285714286,0.00011785714285714286,0.00010539116324410275,4.2143849304702005e-05,2.5007483887416098,60.01197063638995,0.0010409919137915587,0.0014541252737084415,0.00041313335991688275,0.001282813791969927,0.001448017681244359,0.00016520388927443192,60.01197063638993,False,False,False,True,True,False
22.5,1,QPSK,10000,70000,20000,140000,0.0025823404947916666,0.002729366629464286,0.00014702613467261916,0.00014702613467261916,0.0001503059632529439,5.9155859862933275e-05,2.5408465636575888,60.64303865084698,0.0022877408068158966,0.0028769401827674367,0.0005891993759515402,0.002613421144132937,0.002845312114795635,0.000231890970662698,60.64303865084706,False,False,False,True,True,False
22.5,2,16QAM,10000,70000,20000,140000,0.010417415364583333,0.010633526320684523,0.0002161109561011898,0.0002161109561011898,0.0002775092096976861,0.00010727479794579724,2.5869003252553617,61.343698083872376,0.009873497313575869,0.010961333415590798,0.0010878361020149295,0.01042326771671076,0.010843784924658286,0.000420517207947526,61.34369808387231,True,False,True,False,False,False
22.5,3,64QAM,10000,70000,20000,140000,0.032085465494791666,0.03232224779885913,0.00023678230406746353,0.00023678230406746353,0.0004317981202782918,0.00016500726246613176,2.616843124507442,61.786016493127526,0.031239141179046213,0.03293178981053712,0.0016926486314909062,0.03199883356442551,0.03264566203329275,0.0006468284688672388,61.78601649312745,False,False,False,False,False,False
23.0,0,BPSK,10000,70000,20000,140000,0.0013016276041666666,0.0012512044270833332,-5.042317708333342e-05,5.042317708333342e-05,0.00010660268164450597,4.06350854006732e-05,2.62341473121993,61.88174183443026,0.001092686348143435,0.0015105688601898984,0.00041788251204646345,0.0011715596596980138,0.0013308491944686526,0.00015928953477063875,61.88174183443033,False,False,False,True,True,False
23.0,1,QPSK,10000,70000,20000,140000,0.0026193684895833335,0.002480947730654762,-0.00013842075892857167,0.00013842075892857167,0.00015198012205115032,5.6745234191307155e-05,2.678288744721266,62.66272626613036,0.002321487450363079,0.002917249528803588,0.000595762078440509,0.0023697270716398,0.0025921683896697237,0.00022244131802992388,62.66272626613038,False,False,False,True,True,False
23.0,2,16QAM,10000,70000,20000,140000,0.009922941080729168,0.009555690801711309,-0.0003672502790178587,0.0003672502790178587,0.00027737149125932234,0.00010259740133694913,2.7034943151082578,63.01083400059021,0.009379292957860896,0.01046658920359744,0.0010872962457365437,0.009354599895090888,0.00975678170833173,0.0004021818132408407,63.01083400059021,True,False,True,False,True,True
23.0,3,64QAM,10000,70000,20000,140000,0.029791731770833333,0.02917837844122024,-0.0006133533296130943,0.0006133533296130943,0.0004266912566546454,0.00015848538044943802,2.6923067316658504,62.85712960420169,0.02895541690779023,0.030628046633876436,0.001672629726086207,0.02886774709553934,0.029489009786901138,0.0006212626913617986,62.857129604201546,False,False,False,False,False,False
23.5,0,BPSK,10000,70000,20000,140000,0.0012651041666666668,0.0011339425223214285,-0.00013116164434523827,0.00013116164434523827,0.0001074157782824223,3.828087912974964e-05,2.805990372330428,64.36195897673444,0.001054569241233119,0.0014756390921002146,0.0004210698508670956,0.0010589119992271193,0.0012089730454157377,0.0001500610461886184,64.36195897673448,False,False,False,True,True,False
23.5,1,QPSK,10000,70000,20000,140000,0.0023845377604166666,0.0022451427641369047,-0.00013939499627976196,0.00013939499627976196,0.00015016590738826645,5.407315656411084e-05,2.7770878737257556,63.99105662225967,0.0020902125819356643,0.002678862938897669,0.0005886503569620047,0.0021391593772712475,0.002351126151002562,0.00021196677373131433,63.99105662225971,False,False,False,True,True,False
23.5,2,16QAM,10000,70000,20000,140000,0.00881904296875,0.008572347005208333,-0.0002466959635416665,0.0002466959635416665,0.00026562097163312356,9.770998363758966e-05,2.7184629629897663,63.214507108818594,0.008298425864349077,0.009339660073150922,0.0010412342088018459,0.008380835437278657,0.008763858573138009,0.00038302313585935124,63.214507108818665,False,False,False,True,True,False
23.5,3,64QAM,10000,70000,20000,140000,0.02670240885416667,0.026368095858134922,-0.00033431299603174647,0.00033431299603174647,0.0004068688991833425,0.00015185244068073453,2.679370165928204,62.67779597174198,0.02590494581176732,0.027499871896566018,0.0015949260847986993,0.02607046507440068,0.026665726641869163,0.0005952615674684816,62.67779597174176,False,False,False,False,False,False
24.0,0,BPSK,10000,70000,20000,140000,0.00096171875,0.0010026925223214286,4.097377232142863e-05,4.097377232142863e-05,9.129661600989973e-05,3.626453816017884e-05,2.5175176809545095,60.278332598607484,0.0007827773826205966,0.0011406601173794034,0.00035788273475880687,0.0009316140275274781,0.0010737710171153793,0.00014215698958790115,60.278332598607456,False,False,False,True,True,False
24.0,1,QPSK,10000,70000,20000,140000,0.0019591471354166667,0.0019859072730654763,2.676013764880969e-05,2.676013764880969e-05,0.00013156363954924523,5.07756641945805e-05,2.5910766828193963,61.40600520892796,0.0017012824019001461,0.002217011868933187,0.0005157294670330411,0.0018863869712440985,0.002085427574886854,0.00019904060364275573,61.40600520892791,False,False,False,True,True,False
24.0,2,16QAM,10000,70000,20000,140000,0.007673868815104167,0.007642466517857143,-3.140229724702369e-05,3.140229724702369e-05,0.00024266372737947992,9.228192683300876e-05,2.629591033774128,61.97127282698606,0.007198247909440386,0.008149489720767948,0.0009512418113275618,0.007461593941264446,0.00782333909444984,0.00036174515318539505,61.971272826986,False,False,False,True,True,False
24.0,3,64QAM,10000,70000,20000,140000,0.02387580837673611,0.023718138485863096,-0.00015766989087301342,0.00015766989087301342,0.0003833539756906269,0.0001449621330710008,2.644511139352954,62.18582765188597,0.02312443458438248,0.02462718216908974,0.0015027475847072605,0.023434012705043934,0.02400226426668226,0.0005682515616383249,62.18582765188594,False,False,False,False,False,False
26.0,0,BPSK,10000,70000,20000,140000,0.0006895182291666666,0.0006545805431547619,-3.493768601190469e-05,3.493768601190469e-05,8.124091969786675e-05,2.8948937355577676e-05,2.8063523955988603,64.36655633240224,0.0005302860265588478,0.0008487504317744854,0.0003184644052156376,0.0005978406259378297,0.0007113204603716942,0.00011347983443386455,64.36655633240223,False,False,False,True,True,False
26.0,1,QPSK,10000,70000,20000,140000,0.0013134440104166666,0.0013029622395833334,-1.0481770833333263e-05,1.0481770833333263e-05,0.00011235618620748203,4.1117251816445205e-05,2.7325801517343673,63.40455011483193,0.001093225885450002,0.0015336621353833314,0.00044043624993332945,0.0012223724260231007,0.001383552053143566,0.00016117962712046538,63.40455011483188,False,False,False,True,True,False
26.0,2,16QAM,10000,70000,20000,140000,0.0048891845703125,0.0049675944010416665,7.840983072916665e-05,7.840983072916665e-05,0.00019879085543522926,7.532686734608241e-05,2.639043178603231,62.10747864575406,0.00449955449365945,0.0052788146469655494,0.0007792601533060991,0.004819953741043345,0.005115235061039988,0.00029528131999664343,62.107478645754036,False,False,False,True,True,False
26.0,3,64QAM,10000,70000,20000,140000,0.015648453776041668,0.015684299820188492,3.5846044146824185e-05,3.5846044146824185e-05,0.00031717682363469643,0.00012058544805730127,2.6303076262069074,61.981633249413036,0.015026787201717663,0.016270120350365673,0.0012433331486480098,0.015447952341996182,0.015920647298380802,0.00047269495638462,61.981633249413115,False,False,False,False,False,False
28.0,0,BPSK,10000,70000,20000,140000,0.00048636067708333333,0.00039258277529761906,-9.377790178571427e-05,9.377790178571427e-05,7.449586189797275e-05,2.342569864774141e-05,3.180091361123835,68.55436254992992,0.0003403487877633067,0.00063237256640336,0.00029202377864005324,0.0003466684059480459,0.0004384971446471922,9.18287386991463e-05,68.55436254992992,False,False,False,True,True,False
28.0,1,QPSK,10000,70000,20000,140000,0.0009021647135416666,0.0007745814732142857,-0.00012758324032738095,0.00012758324032738095,9.684355367367716e-05,3.2220867672336445e-05,3.005615946116286,66.72894947565896,0.0007123513483412594,0.0010919780787420738,0.00037962673040081436,0.0007114285725765062,0.0008377343738520651,0.00012630580127555887,66.72894947565896,False,False,False,True,True,False
28.0,2,16QAM,10000,70000,20000,140000,0.003406396484375,0.0031084251767113094,-0.0002979713076636907,0.0002979713076636907,0.0001666905800103358,5.881676645917006e-05,2.8340656932585806,64.71500281808183,0.003079682947554742,0.003733110021195258,0.0006534270736405163,0.002993144314451336,0.0032237060389712826,0.00023056172451994643,64.71500281808184,False,False,False,True,True,False
28.0,3,64QAM,10000,70000,20000,140000,0.010754242621527778,0.010204465835813492,-0.0005497767857142854,0.0005497767857142854,0.0002697715788033065,9.752122137726173e-05,2.766285891351716,63.8504464369964,0.010225490327073298,0.011282994915982258,0.0010575045889089606,0.010013324241914059,0.010395607429712926,0.00038228318779886736,63.85044643699624,False,False,False,False,False,False
28.5,0,BPSK,10000,70000,20000,140000,0.0002965169270833333,0.0003404389880952381,4.392206101190479e-05,4.392206101190479e-05,5.226649523599066e-05,2.0684492345686444e-05,2.5268444766492104,60.424948617095865,0.00019407459642079163,0.000398959257745875,0.00020488466132508336,0.00029989738309769265,0.00038098059309278355,8.108320999509089e-05,60.42494861709584,False,False,False,True,True,False
28.5,1,QPSK,10000,70000,20000,140000,0.0006188639322916667,0.0006920991443452381,7.323521205357137e-05,7.323521205357137e-05,7.279947922223898e-05,2.9655294548336534e-05,2.454856049518569,59.264413887074404,0.0004761769530160783,0.0007615509115672551,0.0002853739585511768,0.0006339747670304985,0.0007502235216599776,0.00011624875462947913,59.26441388707444,False,False,False,True,True,False
28.5,2,16QAM,10000,70000,20000,140000,0.0026629313151041666,0.0027678292410714287,0.00010489792596726213,0.00010489792596726213,0.00014070291699474452,5.5577229713312825e-05,2.5316648152587016,60.50030027779116,0.0023871535977944675,0.0029387090324138657,0.0005515554346193982,0.0026588978708333355,0.002876760611309522,0.00021786274047618653,60.5003002777911,False,False,False,True,True,False
28.5,3,64QAM,10000,70000,20000,140000,0.008952398003472223,0.009073757595486112,0.000121359592013889,0.000121359592013889,0.0002396513340271142,9.236755621764298e-05,2.5945401593437283,61.45752470245272,0.008482681388779079,0.009422114618165367,0.0009394332293862877,0.008892717185299532,0.009254798005672691,0.00036208082037315903,61.45752470245289,False,False,False,True,True,False
29.0,0,BPSK,10000,70000,20000,140000,0.0002123046875,0.0002886253720238095,7.632068452380952e-05,7.632068452380952e-05,4.1802853003213566e-05,1.944183446772668e-05,2.150149620531233,53.49160865591613,0.00013037109561370142,0.0002942382793862986,0.00016386718377259718,0.00025051937646706525,0.0003267313675805538,7.621199111348855e-05,53.49160865591615,False,False,False,True,True,False
29.0,1,QPSK,10000,70000,20000,140000,0.00044593098958333334,0.0005791573660714286,0.00013322637648809522,0.00013322637648809522,6.139618688961459e-05,2.7231160387183255e-05,2.2546298437767494,55.646821461172024,0.0003255944632796887,0.000566267515886978,0.00024067305260728924,0.0005257842917125494,0.0006325304404303077,0.00010674614871775839,55.646821461172024,False,False,False,True,True,False
29.0,2,16QAM,10000,70000,20000,140000,0.0020706949869791665,0.002399862816220238,0.00032916782924107164,0.00032916782924107164,0.00012072940429530828,5.125499330189313e-05,2.355466199833628,57.54555934317239,0.0018340653545603621,0.0023073246193979708,0.0004732592648376086,0.0022994030293485277,0.0025003226030919485,0.00020091957374342075,57.54555934317248,False,False,False,True,True,False
29.0,3,64QAM,10000,70000,20000,140000,0.007603119574652778,0.00802096199156746,0.00041784241691468233,0.00041784241691468233,0.0002133953811510515,8.630884031372771e-05,2.4724626165219163,59.55449464361453,0.007184864627596717,0.008021374521708839,0.000836509894112122,0.007851796664552553,0.008190127318582367,0.0003383306540298142,59.554494643614355,False,False,False,True,True,False
29.5,0,BPSK,10000,70000,20000,140000,0.0002866536458333333,0.0003053059895833333,1.8652343750000006e-05,1.8652343750000006e-05,5.2106550330099375e-05,2.0410837323399475e-05,2.552886464406003,60.82865360670567,0.00018452480718633853,0.0003887824844803281,0.00020425767729398956,0.00026530074842947036,0.0003453112307371963,8.001048230772592e-05,60.828653606705686,False,False,False,True,True,False
29.5,1,QPSK,10000,70000,20000,140000,0.0005555501302083333,0.0005937616257440477,3.821149553571437e-05,3.821149553571437e-05,7.192769426895236e-05,2.8275667138273173e-05,2.543801846202702,60.688761921736756,0.00041457184944118663,0.00069652841097548,0.00028195656153429333,0.0005383413181530323,0.0006491819333350631,0.00011084061518203082,60.68876192173677,False,False,False,True,True,False
29.5,2,16QAM,10000,70000,20000,140000,0.0022137532552083334,0.002276490420386905,6.273716517857155e-05,6.273716517857155e-05,0.00013227507728264275,5.123742134970148e-05,2.5816107407094058,61.26449335560139,0.0019544941037343538,0.002473012406682313,0.0005185183029479592,0.00217606507454149,0.0023769157662323196,0.00020085069169082943,61.26449335560144,False,False,False,True,True,False
29.5,3,64QAM,10000,70000,20000,140000,0.007333148871527778,0.00740755363343254,7.440476190476164e-05,7.440476190476164e-05,0.0002197121350410987,8.435391570856752e-05,2.6046465442123314,61.60707477864683,0.006902513086847225,0.007763784656208332,0.0008612715693611071,0.007242219958643747,0.0075728873082213325,0.0003306673495775854,61.607074778646755,False,False,False,True,True,False
30.0,0,BPSK,10000,70000,20000,140000,0.0002520833333333333,0.00027787388392857144,2.5790550595238112e-05,2.5790550595238112e-05,4.852274972722816e-05,2.0247931751007388e-05,2.3964299328900114,58.27126066673542,0.00015697874386796614,0.0003471879227987005,0.00019020917893073437,0.00023818793769659697,0.0003175598301605459,7.937189246394894e-05,58.27126066673542,False,False,False,True,True,False
30.0,1,QPSK,10000,70000,20000,140000,0.0005049479166666667,0.0005266136532738095,2.1665736607142825e-05,2.1665736607142825e-05,6.689696714242091e-05,2.7265425514874076e-05,2.4535456857596696,59.24265825560209,0.0003738298610675217,0.0006360659722658116,0.0002622361111982899,0.0004731734192646563,0.0005800538872829627,0.00010688046801830635,59.24265825560207,False,False,False,True,True,False
30.0,2,16QAM,10000,70000,20000,140000,0.0019880289713541666,0.001991426013764881,3.397042410714299e-06,3.397042410714299e-06,0.00012568521180297552,4.8247016584596944e-05,2.60503593175751,61.612813558186076,0.0017416859562203344,0.0022343719864879987,0.0004926860302676642,0.001896861861259071,0.002085990166270691,0.00018912830501162012,61.61281355818606,False,False,False,True,True,False
30.0,3,64QAM,10000,70000,20000,140000,0.006587255859375,0.006529299975198413,-5.795588417658714e-05,5.795588417658714e-05,0.00020927992933122904,7.925820290581404e-05,2.6404828984064332,62.12813949283621,0.006177067197885792,0.006997444520864209,0.0008203773229784172,0.006373953897503017,0.006684646052893809,0.0003106921553907918,62.12813949283608,False,False,False,True,True,False
