mode_id,modulation,bits_per_symbol,snr_db,num_blocks,total_bits,bit_errors,ber,block_errors,bler,mean_block_ber,std_block_ber,se_block_ber,z_ab,is_stable,reliability_uncertain
0,BPSK,1,0.0,30000,46080000,6746627,0.14641117621527777,29837,0.9945666666666667,0.14641117621527777,0.11694776931529326,0.0006751982609531082,0.22944930100176686,True,False
1,QPSK,2,0.0,30000,92160000,19452151,0.21106934678819445,29999,0.9999666666666667,0.21106934678819442,0.11400245480880042,0.0006581934797213907,0.14568060226239776,True,False
2,16QAM,4,0.0,30000,184320000,58161806,0.3155479926215278,30000,1.0,0.3155479926215278,0.08833405214361903,0.0005099968878372889,0.07150745457584136,True,False
3,64QAM,6,0.0,30000,276480000,103380582,0.3739170355902778,30000,1.0,0.3739170355902778,0.06285697042245833,0.0003629048879385066,0.043971546541846256,True,False
0,BPSK,1,2.0,30000,46080000,5029201,0.10914064670138889,28985,0.9661666666666666,0.10914064670138889,0.11091437782835314,0.0006403644589619955,1.875333196552835,True,False
1,QPSK,2,2.0,30000,92160000,15528859,0.16849890407986112,29982,0.9994,0.1684989040798611,0.11678090040053306,0.0006742348428245464,1.7589192298743799,True,False
2,16QAM,4,2.0,30000,184320000,51320023,0.27842894422743053,30000,1.0,0.2784289442274305,0.09771055242740413,0.0005641321374662882,1.8097193974500296,True,False
3,64QAM,6,2.0,30000,276480000,95665850,0.3460136357060185,30000,1.0,0.3460136357060185,0.07261291702912746,0.00041923087193410704,1.736852622468314,True,False
0,BPSK,1,4.0,30000,46080000,3536337,0.07674342447916667,26704,0.8901333333333333,0.07674342447916666,0.10069990973402111,0.000581391199923081,0.7757547274949576,True,False
1,QPSK,2,4.0,30000,92160000,11675338,0.12668552517361112,29730,0.991,0.12668552517361112,0.11406643573700412,0.0006585628737826048,0.7117383356922713,True,False
2,16QAM,4,4.0,30000,184320000,43711589,0.23715054796006946,30000,1.0,0.2371505479600694,0.10478567456984265,0.0006049803742011518,0.5387346310515866,True,False
3,64QAM,6,4.0,30000,276480000,86556671,0.31306666304976855,30000,1.0,0.3130666630497685,0.08234362805146779,0.0004754111582156535,0.5254053984514305,True,False
0,BPSK,1,6.0,30000,46080000,2489793,0.05403196614583333,22517,0.7505666666666667,0.05403196614583333,0.09004180797633911,0.0005198566207345998,0.14472738157645623,True,False
1,QPSK,2,6.0,30000,92160000,8572791,0.09302073567708333,28545,0.9515,0.09302073567708333,0.10795237907141553,0.0006232633511654228,0.10071221358406673,True,False
2,16QAM,4,6.0,30000,184320000,36225308,0.19653487413194445,30000,1.0,0.19653487413194443,0.11028692008114886,0.0006367418299694604,0.14416420041340788,True,False
3,64QAM,6,6.0,30000,276480000,76860310,0.27799591290509257,30000,1.0,0.2779959129050926,0.09183857521999828,0.000530230261252577,0.26626133272108116,True,False
0,BPSK,1,8.0,30000,46080000,1632965,0.03543760850694445,17685,0.5895,0.03543760850694444,0.07495178009482772,0.00043273430413990423,2.695864857486917,True,False
1,QPSK,2,8.0,30000,92160000,5938157,0.0644331271701389,25769,0.8589666666666667,0.06443312717013888,0.09470944318413252,0.0005468052251715848,2.6122733059608922,True,False
2,16QAM,4,8.0,30000,184320000,28826519,0.1563938747829861,29997,0.9999,0.15639387478298614,0.10935945819356764,0.000631387126264879,2.2653662734193363,True,False
3,64QAM,6,8.0,30000,276480000,66608661,0.2409167426215278,30000,1.0,0.2409167426215278,0.0968650566715138,0.0005592506654436684,2.135164364230538,True,False
0,BPSK,1,10.0,30000,46080000,1085657,0.023560264756944446,12974,0.43246666666666667,0.023560264756944442,0.06281979554718314,0.0003626902586960344,0.5405982955834159,True,False
1,QPSK,2,10.0,30000,92160000,4044600,0.04388671875,21407,0.7135666666666667,0.04388671874999999,0.08231275960639058,0.00047523293916490553,0.27046808026242997,True,False
2,16QAM,4,10.0,30000,184320000,22050941,0.11963401150173611,29932,0.9977333333333334,0.1196340115017361,0.10599201928964491,0.000611945208688285,0.2544871047694512,True,False
3,64QAM,6,10.0,30000,276480000,56206604,0.2032935619212963,30000,1.0,0.20329356192129627,0.10052712538087831,0.0005803936289950935,0.2859356244022325,True,False
0,BPSK,1,12.0,30000,46080000,728017,0.015798980034722222,9017,0.30056666666666665,0.015798980034722222,0.052927933988378535,0.0003055795693584109,0.5081213970559321,True,False
1,QPSK,2,12.0,30000,92160000,2735744,0.029684722222222223,16502,0.5500666666666667,0.029684722222222217,0.07047471015484168,0.00040688592878958697,0.7121272661994005,True,False
2,16QAM,4,12.0,30000,184320000,16318512,0.08853359375,29481,0.9827,0.08853359375,0.0990874812573724,0.0005720818397726596,1.3716969263404861,True,False
3,64QAM,6,12.0,30000,276480000,46262143,0.16732545934606483,30000,1.0,0.1673254593460648,0.10134150060463684,0.0005850954265416771,1.671247983509584,True,False
0,BPSK,1,14.0,30000,46080000,441322,0.009577300347222222,6026,0.20086666666666667,0.00957730034722222,0.040172288374766295,0.00023193481507134594,1.512258391114761,True,True
1,QPSK,2,14.0,30000,92160000,1732441,0.018798187934027776,11846,0.39486666666666664,0.01879818793402778,0.055943509414719816,0.0003229900022000085,1.6783995073179212,True,False
2,16QAM,4,14.0,30000,184320000,11401701,0.06185818684895834,27726,0.9242,0.061858186848958316,0.087124802142783,0.0005030152797022865,1.761714489925063,True,False
3,64QAM,6,14.0,30000,276480000,36431157,0.13176778428819444,30000,1.0,0.1317677842881944,0.09806050007985928,0.0005661525611797608,1.6279450338313277,True,False
0,BPSK,1,16.0,30000,46080000,294535,0.0063918185763888885,4010,0.13366666666666666,0.0063918185763888885,0.03383100414565829,0.0001953233935045116,0.3711961840880635,True,False
1,QPSK,2,16.0,30000,92160000,1146075,0.012435709635416667,8169,0.2723,0.012435709635416665,0.04675490373354028,0.00026993956256494517,0.3166250903306531,True,False
2,16QAM,4,16.0,30000,184320000,7856073,0.042621923828125,24147,0.8049,0.042621923828125005,0.07626776762567618,0.0004403321616917597,0.24359532991902202,True,False
3,64QAM,6,16.0,30000,276480000,27818255,0.10061579499421296,29960,0.9986666666666667,0.10061579499421294,0.09345286725433913,0.0005395503806583506,0.34460387529641573,True,False
0,BPSK,1,16.5,30000,46080000,263529,0.0057189453125,3547,0.11823333333333333,0.005718945312499999,0.03245796305678529,0.00018739613708181917,0.10503330314942949,True,False
1,QPSK,2,16.5,30000,92160000,1014860,0.011011935763888888,7254,0.2418,0.011011935763888888,0.04460845645577732,0.00025754704342876737,0.5567958642582865,True,False
2,16QAM,4,16.5,30000,184320000,7007841,0.038019970703125,23165,0.7721666666666667,0.038019970703124996,0.07281995753573459,0.0004204262208563348,1.006427109352366,True,False
3,64QAM,6,16.5,30000,276480000,25669366,0.09284348234953704,29933,0.9977666666666667,0.09284348234953703,0.09100661487441229,0.0005254269359577854,1.6015970688351602,True,False
0,BPSK,1,17.0,30000,46080000,217070,0.004710720486111111,3287,0.10956666666666667,0.0047107204861111095,0.02836625928166824,0.0001637726743217388,0.13701228988392386,True,False
1,QPSK,2,17.0,30000,92160000,879657,0.009544889322916666,6798,0.2266,0.009544889322916668,0.040063974924067575,0.0002313094670721683,0.6210332621003186,True,True
2,16QAM,4,17.0,30000,184320000,6432216,0.03489700520833333,21962,0.7320666666666666,0.03489700520833333,0.06883801127271379,0.000397436443387798,1.506103357595625,True,False
3,64QAM,6,17.0,30000,276480000,24067278,0.08704889322916666,29862,0.9954,0.08704889322916665,0.08895201987539146,0.000513564726200182,0.9916303156827464,True,False
0,BPSK,1,17.5,30000,46080000,213031,0.004623068576388889,2970,0.099,0.004623068576388889,0.02900172389274407,0.0001674415309643899,0.43611753638880607,True,False
1,QPSK,2,17.5,30000,92160000,833785,0.009047146267361111,6062,0.20206666666666667,0.009047146267361111,0.040159842894739096,0.000231862961058907,0.38069530766695786,True,True
2,16QAM,4,17.5,30000,184320000,5849734,0.03173683810763889,20701,0.6900333333333334,0.03173683810763889,0.06750843144106781,0.000389760110650699,0.5422776329045046,True,False
3,64QAM,6,17.5,30000,276480000,22195049,0.08027723162615741,29755,0.9918333333333333,0.08027723162615741,0.08789551894442142,0.0005074650152312356,1.1407507026585137,True,False
0,BPSK,1,18.0,30000,46080000,192644,0.0041806423611111115,2639,0.08796666666666667,0.0041806423611111115,0.027969942817088995,0.00016148454014664772,0.17120599974778683,True,False
1,QPSK,2,18.0,30000,92160000,741558,0.008046419270833334,5462,0.18206666666666665,0.00804641927083333,0.038458156637072013,0.0002220382708695032,0.5804545483128624,True,False
2,16QAM,4,18.0,30000,184320000,5254780,0.028509006076388888,19632,0.6544,0.028509006076388885,0.06443446019613602,0.0003720125293932736,0.546185173274833,True,False
3,64QAM,6,18.0,30000,276480000,20477845,0.07406627965856481,29592,0.9864,0.0740662796585648,0.0854423878196768,0.000493301856078948,0.2985332494771397,True,False
0,BPSK,1,20.0,40000,61440000,143748,0.0023396484375,2124,0.0531,0.0023396484374999995,0.020661880971517343,0.00010330940485758672,0.2640449691036571,True,False
1,QPSK,2,20.0,40000,122880000,572582,0.004659684244791667,4685,0.117125,0.004659684244791665,0.028795226331817962,0.0001439761316590898,0.2605698492020802,True,False
2,16QAM,4,20.0,40000,245760000,4386820,0.017850016276041665,19410,0.48525,0.017850016276041665,0.05119416736815054,0.0002559708368407527,0.25567443435484144,True,False
3,64QAM,6,20.0,40000,368640000,18846407,0.05112415093315972,37500,0.9375,0.051124150933159716,0.07391042227787246,0.00036955211138936235,0.06783212475870284,True,False
0,BPSK,1,22.0,60000,92160000,135517,0.0014704535590277779,2127,0.03545,0.001470453559027778,0.01621004414225352,6.617722809418757e-05,0.9052448346044037,True,False
1,QPSK,2,22.0,60000,184320000,549726,0.0029824544270833334,4630,0.07716666666666666,0.002982454427083333,0.0228612281473341,9.333057309053492e-05,0.8223109766561995,True,False
2,16QAM,4,22.0,60000,368640000,4353978,0.011810921223958333,20853,0.34755,0.011810921223958335,0.04194970680175483,0.00017125896087276697,0.1838646081761007,True,False
3,64QAM,6,22.0,60000,552960000,19718699,0.03566026294849537,49915,0.8319166666666666,0.03566026294849537,0.06411859926909268,0.0002617630853854458,0.5354437018092398,True,False
0,BPSK,1,22.5,70000,107520000,144256,0.0013416666666666666,2221,0.031728571428571425,0.0013416666666666668,0.015454365108624253,5.841200963973354e-05,0.9738137726511283,True,False
1,QPSK,2,22.5,70000,215040000,584935,0.002720121837797619,4826,0.06894285714285714,0.0027201218377976184,0.021858354451039244,8.261681420935944e-05,1.1148893319563804,True,False
2,16QAM,4,22.5,70000,430080000,4606730,0.010711332775297618,22027,0.31467142857142855,0.010711332775297617,0.04014837676020448,0.00015174660064346592,1.5117392200848014,True,True
3,64QAM,6,22.5,70000,645120000,20942019,0.03246220703125,55826,0.7975142857142857,0.032462207031249996,0.06190732734498394,0.00023398770355356576,1.951060726767318,True,False
0,BPSK,1,23.0,70000,107520000,136982,0.001274014136904762,2032,0.029028571428571428,0.0012740141369047618,0.015294627796898493,5.780825935127017e-05,0.3658546885633149,True,False
1,QPSK,2,23.0,70000,215040000,545929,0.0025387323288690476,4328,0.06182857142857143,0.0025387323288690476,0.021440276439089398,8.103662785472574e-05,0.8406330432181038,True,False
2,16QAM,4,23.0,70000,430080000,4177780,0.009713960193452382,20011,0.28587142857142855,0.009713960193452378,0.03876522217089927,0.00014651876768909553,1.4865527143921857,True,True
3,64QAM,6,23.0,70000,645120000,18965032,0.029397681051587302,52953,0.7564714285714286,0.029397681051587302,0.05976939888325343,0.00022590709350987174,1.475229589921083,True,False
0,BPSK,1,23.5,70000,107520000,126275,0.0011744326636904763,1742,0.024885714285714285,0.0011744326636904763,0.014409774054003182,5.446382656503348e-05,0.07120911064058079,True,False
1,QPSK,2,23.5,70000,215040000,494438,0.0022992838541666667,3863,0.05518571428571428,0.002299283854166666,0.020504253246517678,7.74987927276779e-05,0.1399301553047055,True,False
2,16QAM,4,23.5,70000,430080000,3725414,0.008662141927083334,18150,0.2592857142857143,0.008662141927083332,0.03693686833109245,0.0001396082397337257,0.2620783582405729,True,False
3,64QAM,6,23.5,70000,645120000,17083188,0.026480636160714284,50401,0.7200142857142857,0.026480636160714284,0.05708192556749403,0.00021574939915469812,0.2974167677470774,True,False
0,BPSK,1,24.0,80000,122880000,120592,0.0009813802083333332,1776,0.0222,0.0009813802083333332,0.01338570686770468,4.732562048564659e-05,1.0547913456879934,True,False
1,QPSK,2,24.0,80000,245760000,481613,0.0019596883138020835,3939,0.0492375,0.0019596883138020835,0.01880159416238313,6.647367364669259e-05,1.7442684536615962,True,False
2,16QAM,4,24.0,80000,491520000,3750967,0.007631361897786459,18739,0.2342375,0.007631361897786456,0.03436219257737742,0.00012148869693950813,2.527209136500421,True,False
3,64QAM,6,24.0,80000,737280000,17495808,0.023730208333333332,53936,0.6742,0.023730208333333336,0.05415828317154448,0.0001914784464401019,2.1565770569999536,True,False
0,BPSK,1,26.0,70000,107520000,77461,0.0007204334077380953,1011,0.014442857142857143,0.0007204334077380952,0.011944963523222376,4.514771843169187e-05,1.3520100162064745,True,False
1,QPSK,2,26.0,70000,215040000,292546,0.0013604259672619049,2146,0.03065714285714286,0.0013604259672619049,0.01630252939282239,6.161776930675551e-05,1.4223194106361816,True,False
2,16QAM,4,26.0,70000,430080000,2133954,0.004961760602678571,10769,0.15384285714285714,0.004961760602678571,0.028608987964764344,0.00010813181059429478,0.6473209770567501,True,False
3,64QAM,6,26.0,70000,645120000,10065154,0.01560198722718254,35952,0.5136,0.015601987227182534,0.0451814134614045,0.00017076969128751755,0.2809717274518112,True,False
0,BPSK,1,28.0,70000,107520000,37156,0.00034557291666666666,621,0.008871428571428572,0.00034557291666666666,0.008121626051189434,3.069686110415825e-05,0.570209305820971,True,False
1,QPSK,2,28.0,70000,215040000,154200,0.0007170758928571429,1415,0.020214285714285716,0.0007170758928571428,0.011260266203358025,4.2559805814958275e-05,0.8553248603910849,True,False
2,16QAM,4,28.0,70000,430080000,1313616,0.0030543526785714284,7035,0.1005,0.003054352678571429,0.021411638634013862,8.092838712569059e-05,0.5416329876909465,True,False
3,64QAM,6,28.0,70000,645120000,6512536,0.010095076884920635,25698,0.3671142857142857,0.010095076884920631,0.036127699207518134,0.00013654986792005467,0.5893193178806561,True,True
0,BPSK,1,28.5,60000,92160000,29642,0.00032163628472222223,490,0.008166666666666666,0.00032163628472222223,0.007415974072639447,3.027558737279386e-05,0.713208079694459,True,False
1,QPSK,2,28.5,60000,184320000,124243,0.0006740614149305555,1081,0.018016666666666667,0.0006740614149305555,0.010764095268504319,4.394423491757045e-05,1.30485445142018,True,False
2,16QAM,4,28.5,60000,368640000,1023574,0.0027766221788194444,5451,0.09085,0.0027766221788194444,0.020624892461430892,8.420077088380177e-05,1.7032611342551065,True,False
3,64QAM,6,28.5,60000,552960000,5040380,0.009115270543981481,19998,0.3333,0.009115270543981481,0.03457616905719322,0.0001411566190838865,1.2608518326725096,True,True
0,BPSK,1,29.0,50000,76800000,18691,0.00024337239583333334,316,0.00632,0.00024337239583333334,0.00657945559775065,2.9424219943023932e-05,0.5022575060227564,True,False
1,QPSK,2,29.0,50000,153600000,76949,0.0005009700520833333,765,0.0153,0.0005009700520833333,0.009269289137368611,4.14535212285132e-05,0.5231410929235738,True,False
2,16QAM,4,29.0,50000,307200000,693638,0.002257936197916667,4023,0.08046,0.002257936197916667,0.018112273387075505,8.100054904112238e-05,0.08374988666832035,True,False
3,64QAM,6,29.0,50000,460800000,3612753,0.00784017578125,15167,0.30334,0.00784017578125,0.03134187981566348,0.00014016514762090423,0.7666550935613908,True,False
0,BPSK,1,29.5,50000,76800000,22402,0.0002916927083333333,347,0.00694,0.00029169270833333337,0.007141150967844201,3.19361980033761e-05,0.024462592319141243,True,False
1,QPSK,2,29.5,50000,153600000,90646,0.0005901432291666667,747,0.01494,0.0005901432291666666,0.010184549137130692,4.554668838162211e-05,0.20954716837559398,True,False
2,16QAM,4,29.5,50000,307200000,709118,0.0023083268229166665,3750,0.075,0.0023083268229166674,0.01916531169218593,8.570987950739854e-05,0.37614457901653253,True,False
3,64QAM,6,29.5,50000,460800000,3454261,0.007496226128472222,13947,0.27894,0.007496226128472222,0.031747266862879285,0.00014197809361044916,0.5325112146035778,True,False
0,BPSK,1,30.0,60000,92160000,28223,0.00030623914930555553,368,0.0061333333333333335,0.00030623914930555553,0.0077420985130257905,3.160698482545595e-05,2.049902125886403,True,False
1,QPSK,2,30.0,60000,184320000,106877,0.0005798448350694444,788,0.013133333333333334,0.0005798448350694443,0.010616638989042726,4.334224717748687e-05,2.069818186437225,True,False
2,16QAM,4,30.0,60000,368640000,771027,0.002091544596354167,3956,0.06593333333333333,0.0020915445963541656,0.01878378492242501,7.668448083020895e-05,1.253429904721226,True,False
3,64QAM,6,30.0,60000,552960000,3692919,0.006678455946180556,15157,0.25261666666666666,0.006678455946180556,0.03036788229875338,0.00012397636033473873,0.6588208992631074,True,False
