mode_id,modulation,bits_per_symbol,snr_db,num_blocks,total_bits,bit_errors,ber,block_errors,bler,mean_block_ber,std_block_ber,se_block_ber
0,BPSK,1,0.0,15000,23040000,3369744,0.14625625,14918,0.9945333333333334,0.14625624999999998,0.1163945786467058,0.0009503577550355859
1,QPSK,2,0.0,15000,46080000,9721657,0.21097345920138888,14999,0.9999333333333333,0.21097345920138888,0.1135517672882397,0.0009271462974914851
2,16QAM,4,0.0,15000,92160000,29077542,0.3155115234375,15000,1.0,0.31551152343749994,0.08809483833406326,0.0007192913429714342
3,64QAM,6,0.0,15000,138240000,51692497,0.3739329933449074,15000,1.0,0.37393299334490737,0.06268191108892927,0.0005117956609012647
0,BPSK,1,2.0,15000,23040000,2542268,0.11034149305555556,14500,0.9666666666666667,0.11034149305555555,0.11165328424474161,0.0009116452483518306
1,QPSK,2,2.0,15000,46080000,7819075,0.1696847873263889,14995,0.9996666666666667,0.16968478732638886,0.11730519294949787,0.000957792889683322
2,16QAM,4,2.0,15000,92160000,25754096,0.2794498263888889,15000,1.0,0.2794498263888888,0.09785105163151975,0.0007989504909731826
3,64QAM,6,2.0,15000,138240000,47933580,0.34674175347222225,15000,1.0,0.3467417534722222,0.0725756870277984,0.0005925780031667811
0,BPSK,1,4.0,15000,23040000,1757777,0.07629240451388888,13351,0.8900666666666667,0.07629240451388888,0.10038954808948382,0.0008196772277594307
1,QPSK,2,4.0,15000,46080000,5816070,0.126216796875,14868,0.9912,0.12621679687500004,0.11378347766793648,0.000929038204819364
2,16QAM,4,4.0,15000,92160000,21825757,0.23682462022569445,15000,1.0,0.23682462022569442,0.10453161648658527,0.0008534970746014518
3,64QAM,6,4.0,15000,138240000,43243805,0.31281687644675926,15000,1.0,0.31281687644675915,0.08210493229241408,0.0006703839649405854
0,BPSK,1,6.0,15000,23040000,1246630,0.05410720486111111,11214,0.7476,0.05410720486111112,0.08997197240981611,0.0007346180785193855
1,QPSK,2,6.0,15000,46080000,4289288,0.09308350694444445,14262,0.9508,0.09308350694444445,0.108147293434362,0.0008830189532574408
2,16QAM,4,6.0,15000,92160000,18104194,0.19644307725694443,15000,1.0,0.19644307725694443,0.11061633947016178,0.0009031786297212775
3,64QAM,6,6.0,15000,138240000,38410638,0.2778547309027778,15000,1.0,0.2778547309027778,0.09211985817931695,0.000752155492389593
0,BPSK,1,8.0,15000,23040000,843358,0.03660407986111111,8873,0.5915333333333334,0.0366040798611111,0.07659502852256028,0.0006253957890473212
1,QPSK,2,8.0,15000,46080000,3034893,0.06586139322916666,12924,0.8616,0.06586139322916666,0.09626980787566856,0.0007860396897705245
2,16QAM,4,8.0,15000,92160000,14545069,0.1578240993923611,14998,0.9998666666666667,0.15782409939236114,0.11042873663038974,0.0009016468589488156
3,64QAM,6,8.0,15000,138240000,33469392,0.24211076388888889,15000,1.0,0.2421107638888889,0.09754640172346206,0.0007964630348900921
0,BPSK,1,10.0,15000,23040000,547346,0.023756336805555556,6510,0.434,0.023756336805555556,0.06375893910318381,0.0005205895578132867
1,QPSK,2,10.0,15000,46080000,2028223,0.04401525607638889,10707,0.7138,0.044015256076388884,0.08298241508337384,0.000677548581927001
2,16QAM,4,10.0,15000,92160000,11039823,0.11978974609375,14965,0.9976666666666667,0.11978974609374998,0.10618589445075441,0.0008670041976179337
3,64QAM,6,10.0,15000,138240000,28126244,0.20345951967592593,15000,1.0,0.2034595196759259,0.10056383359260575,0.0008211002629334739
0,BPSK,1,12.0,15000,23040000,360431,0.015643706597222223,4442,0.29613333333333336,0.015643706597222223,0.052779210507900125,0.0004309404492376516
1,QPSK,2,12.0,15000,46080000,1354520,0.02939496527777778,8150,0.5433333333333333,0.029394965277777775,0.07027612135744414,0.0005738021280921508
2,16QAM,4,12.0,15000,92160000,8086937,0.08774888237847223,14734,0.9822666666666666,0.08774888237847224,0.09890537606710005,0.0008075590139415813
3,64QAM,6,12.0,15000,138240000,22995899,0.1663476490162037,15000,1.0,0.16634764901620366,0.10133818013695911,0.0008274227759926511
0,BPSK,1,14.0,15000,23040000,212580,0.0092265625,2982,0.1988,0.009226562499999999,0.03942422263869203,0.00032189742990225493
1,QPSK,2,14.0,15000,46080000,841241,0.018256098090277777,5841,0.3894,0.01825609809027778,0.05495872380689041,0.0004487361008047724
2,16QAM,4,14.0,15000,92160000,5619184,0.060972048611111114,13855,0.9236666666666666,0.06097204861111111,0.08617203882108843,0.0007035917506898997
3,64QAM,6,14.0,15000,138240000,18088171,0.13084614438657408,15000,1.0,0.13084614438657405,0.09733542654776722,0.0007947404297939375
0,BPSK,1,16.0,15000,23040000,145597,0.006319314236111111,2004,0.1336,0.00631931423611111,0.033513550250557515,0.0002736369919432975
1,QPSK,2,16.0,15000,46080000,569099,0.012350238715277777,4067,0.27113333333333334,0.012350238715277776,0.04643186769940371,0.0003791146122265165
2,16QAM,4,16.0,15000,92160000,3918151,0.042514659288194444,12044,0.8029333333333334,0.04251465928819445,0.07603851157143923,0.0006208518471691346
3,64QAM,6,16.0,15000,138240000,13883424,0.10042986111111112,14977,0.9984666666666666,0.1004298611111111,0.09331212926521036,0.0007618903450413026
0,BPSK,1,16.5,15000,23040000,131311,0.0056992621527777775,1742,0.11613333333333334,0.005699262152777778,0.032843864516433015,0.0002681690308212102
1,QPSK,2,16.5,15000,46080000,500822,0.010868532986111111,3605,0.24033333333333334,0.01086853298611111,0.044653694001046185,0.00036459588477647117
2,16QAM,4,16.5,15000,92160000,3464925,0.03759684244791667,11509,0.7672666666666667,0.03759684244791667,0.07258559539613307,0.0005926589046554594
3,64QAM,6,16.5,15000,138240000,12718354,0.09200198206018519,14970,0.998,0.09200198206018517,0.09079405901056554,0.0007413303875067696
0,BPSK,1,17.0,15000,23040000,109052,0.004733159722222222,1567,0.10446666666666667,0.00473315972222222,0.028795855652066663,0.00023511717684800764
1,QPSK,2,17.0,15000,46080000,433209,0.009401236979166666,3352,0.22346666666666667,0.009401236979166668,0.04029854772160936,0.0003290362643104684
2,16QAM,4,17.0,15000,92160000,3160944,0.0342984375,11049,0.7366,0.0342984375,0.06841017653321636,0.0005585667524003332
3,64QAM,6,17.0,15000,138240000,11963238,0.08653962673611111,14929,0.9952666666666666,0.0865396267361111,0.08818851077254322,0.0007200561752288947
0,BPSK,1,17.5,15000,23040000,108198,0.00469609375,1482,0.0988,0.004696093749999999,0.029608136469802922,0.00024174942195235598
1,QPSK,2,17.5,15000,46080000,420960,0.009135416666666667,3060,0.204,0.009135416666666667,0.04051017018825665,0.0003307641545151185
2,16QAM,4,17.5,15000,92160000,2944346,0.03194819878472222,10440,0.696,0.03194819878472223,0.06776620890504234,0.000553308778734011
3,64QAM,6,17.5,15000,138240000,11177550,0.08085611979166667,14877,0.9918,0.08085611979166668,0.08793422735696091,0.0007179799598347989
0,BPSK,1,18.0,15000,23040000,96959,0.004208289930555556,1340,0.08933333333333333,0.004208289930555556,0.027524850801141667,0.0002247394656967795
1,QPSK,2,18.0,15000,46080000,376718,0.008175303819444445,2729,0.18193333333333334,0.008175303819444443,0.03837199547819182,0.0003133060311131778
2,16QAM,4,18.0,15000,92160000,2646116,0.028712196180555555,9790,0.6526666666666666,0.02871219618055555,0.0648048322683781,0.000529129239747255
3,64QAM,6,18.0,15000,138240000,10259281,0.07421354890046296,14798,0.9865333333333334,0.07421354890046294,0.08582071845986965,0.0007007232319524454
0,BPSK,1,20.0,20000,30720000,71036,0.0023123697916666666,1059,0.05295,0.002312369791666666,0.020662383342746154,0.0001461051137713177
1,QPSK,2,20.0,20000,61440000,283986,0.00462216796875,2336,0.1168,0.004622167968749999,0.02859361782953389,0.00020218741065919984
2,16QAM,4,20.0,20000,122880000,2185368,0.0177845703125,9746,0.4873,0.017784570312499994,0.05098096160160586,0.00036048983659906495
3,64QAM,6,20.0,20000,184320000,9418583,0.051099083116319444,18724,0.9362,0.05109908311631944,0.07374727181970037,0.0005214719599771771
0,BPSK,1,22.0,30000,46080000,70519,0.0015303602430555556,1052,0.03506666666666667,0.0015303602430555556,0.01656904256068997,9.56614118262872e-05
1,QPSK,2,22.0,30000,92160000,281936,0.003059201388888889,2299,0.07663333333333333,0.003059201388888889,0.02339705856894617,0.0001350829806302651
2,16QAM,4,22.0,30000,184320000,2171185,0.011779432508680555,10400,0.3466666666666667,0.011779432508680557,0.042283801589000226,0.00024412564229770006
3,64QAM,6,22.0,30000,276480000,9820598,0.03552010271990741,24940,0.8313333333333334,0.03552010271990741,0.06417700759406975,0.00037052612610220825
0,BPSK,1,22.5,35000,53760000,75186,0.001398549107142857,1139,0.032542857142857144,0.001398549107142857,0.016035511483772948,8.571341427708202e-05
1,QPSK,2,22.5,35000,107520000,302371,0.0028122302827380953,2483,0.07094285714285714,0.0028122302827380944,0.02238348408577798,0.00011964475510184021
2,16QAM,4,22.5,35000,215040000,2352695,0.010940731956845239,11095,0.317,0.010940731956845235,0.04072741328855942,0.00021769718110761937
3,64QAM,6,22.5,35000,322560000,10618263,0.03291872209821429,27928,0.7979428571428572,0.03291872209821428,0.06251505372187158,0.0003341570179185865
0,BPSK,1,23.0,35000,53760000,67354,0.0012528645833333333,989,0.028257142857142856,0.0012528645833333333,0.01529797283287946,8.177110436115787e-05
1,QPSK,2,23.0,35000,107520000,265640,0.0024706101190476192,2111,0.060314285714285716,0.002470610119047619,0.021390453263742483,0.00011433678208674976
2,16QAM,4,23.0,35000,215040000,2042053,0.009496154203869048,10011,0.2860285714285714,0.009496154203869045,0.038285829780528434,0.00020464636829583424
3,64QAM,6,23.0,35000,322560000,9375019,0.02906441902281746,26512,0.7574857142857143,0.02906441902281746,0.059140889382531654,0.00031612135088361447
0,BPSK,1,23.5,35000,53760000,63346,0.001178311011904762,841,0.024028571428571427,0.001178311011904762,0.014394576821051771,7.694224955996188e-05
1,QPSK,2,23.5,35000,107520000,248385,0.002310128348214286,1908,0.054514285714285717,0.0023101283482142854,0.02053983137855178,0.00010979001685807066
2,16QAM,4,23.5,35000,215040000,1854839,0.008625553385416667,9070,0.2591428571428571,0.008625553385416663,0.0369529044338828,0.000197521582625413
3,64QAM,6,23.5,35000,322560000,8520896,0.026416468253968255,25169,0.7191142857142857,0.02641646825396825,0.05700951519376921,0.0003047286766302397
0,BPSK,1,24.0,40000,61440000,63363,0.001031298828125,922,0.02305,0.0010312988281249997,0.013466714302359968,6.733357151179984e-05
1,QPSK,2,24.0,40000,122880000,255054,0.002075634765625,2055,0.051375,0.0020756347656250003,0.019171335299316375,9.585667649658187e-05
2,16QAM,4,24.0,40000,245760000,1950936,0.00793837890625,9432,0.2358,0.007938378906249998,0.03523454894140825,0.00017617274470704123
3,64QAM,6,24.0,40000,368640000,8900126,0.02414313693576389,26884,0.6721,0.024143136935763893,0.055196338223678754,0.00027598169111839376
0,BPSK,1,26.0,35000,53760000,42012,0.0007814732142857143,507,0.014485714285714286,0.0007814732142857141,0.01244144367142284,6.650231373615882e-05
1,QPSK,2,26.0,35000,107520000,155696,0.0014480654761904763,1068,0.030514285714285716,0.0014480654761904765,0.017028809451215304,9.102281524443664e-05
2,16QAM,4,26.0,35000,215040000,1082029,0.005031756882440476,5311,0.15174285714285715,0.005031756882440475,0.0293043105702103,0.0001566381287276358
3,64QAM,6,26.0,35000,322560000,5017100,0.015554005456349206,17963,0.5132285714285715,0.015554005456349206,0.04555589612684446,0.00024350650750587708
0,BPSK,1,28.0,35000,53760000,19519,0.0003630766369047619,320,0.009142857142857144,0.0003630766369047619,0.00822537135080701,4.396645924815115e-05
1,QPSK,2,28.0,35000,107520000,81014,0.0007534784226190476,722,0.02062857142857143,0.0007534784226190474,0.011529766812085961,6.162919594317496e-05
2,16QAM,4,28.0,35000,215040000,666234,0.0030981863839285714,3452,0.09862857142857143,0.003098186383928571,0.021805725082789735,0.00011655650332854575
3,64QAM,6,28.0,35000,322560000,3230311,0.010014605034722223,12868,0.36765714285714285,0.010014605034722217,0.03637318394454913,0.0001944228462665851
0,BPSK,1,28.5,30000,46080000,15816,0.00034322916666666665,263,0.008766666666666667,0.0003432291666666667,0.007366109772690585,4.252825460143242e-05
1,QPSK,2,28.5,30000,92160000,67406,0.0007314019097222223,565,0.018833333333333334,0.000731401909722222,0.010896409482250525,6.291044947777731e-05
2,16QAM,4,28.5,30000,184320000,538221,0.0029200358072916668,2740,0.09133333333333334,0.002920035807291666,0.02139725715081405,0.00012353712175942137
3,64QAM,6,28.5,30000,276480000,2569397,0.009293247251157407,10024,0.33413333333333334,0.009293247251157407,0.035408108028378196,0.000204428807016795
0,BPSK,1,29.0,25000,38400000,8778,0.00022859375,155,0.0062,0.00022859375,0.006244941365788486,3.949647714018867e-05
1,QPSK,2,29.0,25000,76800000,36809,0.00047928385416666665,389,0.01556,0.0004792838541666667,0.00893758497149569,5.6526250582434916e-05
2,16QAM,4,29.0,25000,153600000,345777,0.00225115234375,2052,0.08208,0.0022511523437499996,0.017796848007951508,0.00011255714975391435
3,64QAM,6,29.0,25000,230400000,1831135,0.007947634548611112,7592,0.30368,0.007947634548611112,0.03128528184439801,0.0001978654957372224
0,BPSK,1,29.5,25000,38400000,11231,0.00029247395833333333,164,0.00656,0.00029247395833333333,0.007368719199548771,4.6603872217573795e-05
1,QPSK,2,29.5,25000,76800000,44590,0.0005805989583333334,372,0.01488,0.0005805989583333331,0.010252441868526616,6.484213576603334e-05
2,16QAM,4,29.5,25000,153600000,349607,0.002276087239583333,1839,0.07356,0.002276087239583334,0.019044275176105588,0.00012044657188699584
3,64QAM,6,29.5,25000,230400000,1709711,0.007420620659722222,6975,0.279,0.007420620659722223,0.0315503042852767,0.00019954164482569037
0,BPSK,1,30.0,30000,46080000,11126,0.00024144965277777777,179,0.005966666666666667,0.0002414496527777778,0.006479940390365856,3.741195328710456e-05
1,QPSK,2,30.0,30000,92160000,45171,0.00049013671875,392,0.013066666666666667,0.0004901367187499998,0.009239050971840943,5.334168565649042e-05
2,16QAM,4,30.0,30000,184320000,367797,0.0019954264322916667,1960,0.06533333333333333,0.001995426432291666,0.017615727961894936,0.00010170445280771259
3,64QAM,6,30.0,30000,276480000,1823877,0.00659677734375,7598,0.25326666666666664,0.0065967773437500005,0.029610466917031748,0.00017095611045378787
